LABEL,TRACK_INDEX,TRACK_ID,NUMBER_SPOTS,NUMBER_GAPS,NUMBER_SPLITS,NUMBER_MERGES,NUMBER_COMPLEX,LONGEST_GAP,TRACK_DURATION,TRACK_START,TRACK_STOP,TRACK_DISPLACEMENT,TRACK_X_LOCATION,TRACK_Y_LOCATION,TRACK_Z_LOCATION,TRACK_MEAN_SPEED,TRACK_MAX_SPEED,TRACK_MIN_SPEED,TRACK_MEDIAN_SPEED,TRACK_STD_SPEED,TRACK_MEAN_QUALITY,TOTAL_DISTANCE_TRAVELED,MAX_DISTANCE_TRAVELED,CONFINMENT_RATIO,MEAN_STRAIGHT_LINE_SPEED,LINEARITY_OF_FORWARD_PROGRESSION,MEAN_DIRECTIONAL_CHANGE_RATE
Label,Track index,Track ID,Number of spots in track,Number of gaps,Number of split events,Number of merge events,Number of complex points,Longest gap,Track duration,Track start,Track stop,Track displacement,Track mean X,Track mean Y,Track mean Z,Track mean speed,Track max speed,Track min speed,Track median speed,Track std speed,Track mean quality,Total distance traveled,Max distance traveled,Confinment ratio,Mean straight line speed,Linearity of forward progression,Mean directional change rate
Label,Index,ID,N spots,N gaps,N splits,N merges,N complex,Lgst gap,Duration,Track start,Track stop,Track disp.,Track X,Track Y,Track Z,Mean sp.,Max speed,Min speed,Med. speed,Std speed,Mean Q,Total dist.,Max dist.,Cfn. ratio,Mn. v. line,Fwd. progr.,Mn. ? rate
,,,,,,,,,(sec),(sec),(sec),(micron),(micron),(micron),(micron),(micron/sec),(micron/sec),(micron/sec),(micron/sec),(micron/sec),(quality),(micron),(micron),,(micron/sec),,(rad/sec)
Track_0,0,0,7,0,0,0,0,0,7200.6123594,0.0,7200.6123594,13.600981416056015,1268.5194644121968,2394.951063744141,0.0,0.0027359985823178406,0.006149784205465353,6.573798702469496E-4,0.0014013095105035627,0.0026330840739510718,1.4781020879745483,19.700865207138726,13.600981416056015,0.690374827351624,0.0018888645489019678,0.6903748273516243,0.0016044627945640936
Track_1,1,1,7,0,0,0,0,0,7200.6123594,0.0,7200.6123594,10.732756029426982,1197.797222702897,2409.2219137346715,0.0,0.00159401989802664,0.0029833569675987437,3.9229344557540306E-4,0.0017589257846079053,0.001100021029487021,1.5014790807451521,11.477919378860154,10.732756029426982,0.9350785342850899,0.0014905337898680193,0.9350785342850901,4.219107475836371E-4
Track_3,3,3,7,0,0,0,0,0,7200.6123594,0.0,7200.6123594,8.718918146477774,1207.0156883866762,2381.0078604680743,0.0,0.0019184193042784139,0.004467517299483164,4.3108633218517966E-4,0.0022216826731632404,0.0015453895005038357,1.485396248953683,13.8137937528987,8.718918146477774,0.631174773740066,0.001210857870316503,0.6311747737400661,0.0013863463808005151
Track_5,5,5,7,0,0,0,0,0,7200.6123594,0.0,7200.6123594,8.032443465536765,1117.8018215069403,2392.1857453212792,0.0,0.0013015085959924388,0.0036691554159033785,3.341659933286638E-4,8.023439186457999E-4,0.001291236538942316,1.4368915557861328,9.371658882168497,8.032443465536765,0.8570994278099618,0.0011155222729148661,0.8570994278099618,9.656859093691985E-4
Track_7,7,7,7,0,0,0,0,0,7200.6123594,0.0,7200.6123594,9.853050196401517,1299.8863464940248,2471.988151015825,0.0,0.0021036101851792566,0.003982190072541624,5.546183640380804E-4,0.00282731898392751,0.001341498156667394,1.5915882928030831,15.14728149876148,9.922108598722874,0.6504830716460346,0.0013683628148012865,0.6504830716460346,5.377410626492403E-4
Track_9,9,9,6,0,0,0,0,0,6000.510299500001,0.0,6000.510299500001,7.185980474566383,1287.0775796896141,2428.826204263701,0.0,0.0029790888669294123,0.007700615649849101,3.6694852942191595E-4,0.002800327563264031,0.0029782848375611197,1.4725595315297444,17.876053429135727,9.527725775854195,0.4019892032127257,0.0011975615599168564,0.40198920321272574,0.0012535125347637307
Track_10,10,10,7,0,0,0,0,0,7200.6123594,0.0,7200.6123594,13.042483908090722,1326.892157985982,2495.5274262699418,0.0,0.002573886464749036,0.006984370310158462,1.7564519321155503E-4,0.002732535496098562,0.0027080055025525307,1.3493791648319788,18.533558689764284,13.065359870546308,0.7037225891913476,0.0018113020472577562,0.7037225891913477,0.001026484131915205
Track_11,11,11,7,0,0,0,0,0,7200.6123594,0.0,7200.6123594,8.52912596547096,1303.6044416324637,2495.0154080229727,0.0,0.001631310055118431,0.004683645213259667,2.8759095623062485E-4,0.0015622772706372315,0.0015900391794246283,1.5359317404883248,11.746431344899271,8.52912596547096,0.7261035896808453,0.0011845000869039506,0.7261035896808454,4.917430677030863E-4
Track_13,13,13,7,0,0,0,0,0,7200.6123594,0.0,7200.6123594,8.982281972584172,1213.4743913020598,2471.4960966874264,0.0,0.0017842488129467828,0.003491420951904383,2.336877075543541E-4,0.0017237651589353347,0.0014187978775291894,1.5059480496815272,12.847684054749386,8.982281972584172,0.6991362750132156,0.0012474330687803658,0.6991362750132158,6.82520536517129E-4
Track_14,14,14,7,0,0,0,0,0,7200.6123594,0.0,7200.6123594,5.0757676665278435,1189.269655239481,2471.825377706763,0.0,0.0019748192662022387,0.004140324621103005,3.767959834956991E-4,0.0013720100694912063,0.001714380148248081,1.3155348982129778,14.219908015797081,5.326252146394179,0.35694799578795494,7.049077791143291E-4,0.356947995787955,0.0015079674799611345
Track_15,15,15,7,0,0,0,0,0,7200.6123594,0.0,7200.6123594,9.244652997680582,1268.9996966267515,2585.807095866448,0.0,0.0014728396709296726,0.003286634597193954,4.162889908630239E-4,0.0010365648700651352,0.0012241531151670278,1.4711575167519706,10.605347537910829,9.66877082642775,0.871697317285814,0.0012838703899415167,0.871697317285814,5.384336892088992E-4
Track_16,16,16,7,0,0,0,0,0,7200.6123594,0.0,7200.6123594,2.9099019842397738,1306.3332533153487,2589.61932392685,0.0,0.001352958076714256,0.003171080408663398,1.348583953471661E-4,0.0013849115778350478,0.001274326247435414,1.5941850968769617,9.742126648938726,4.535728854621754,0.2986926868330919,4.041186831063136E-4,0.2986926868330919,9.151855373872728E-4
Track_19,19,19,7,0,0,0,0,0,7200.6123594,0.0,7200.6123594,3.6579349343328134,1309.3217449926979,2566.3549493775176,0.0,9.870381319351464E-4,0.0025532236442755243,1.3886041897627558E-4,0.001106352119572364,8.950101753988535E-4,1.390654274395534,7.1072789720113025,4.156263037692209,0.5146744554052094,5.080033130178966E-4,0.5146744554052093,0.0020087448741035823
Track_20,20,20,7,0,0,0,0,0,7200.6123594,0.0,7200.6123594,7.223745117866467,1338.3249969963638,2566.362867380218,0.0,0.001264083540754065,0.0027739138304912155,3.330893473854955E-4,0.001237779920830653,9.04517763082847E-4,1.361638103212629,9.102175566867833,7.732374310069124,0.7936284094718076,0.0010032126098881394,0.7936284094718075,6.149340158381344E-4
Track_21,21,21,7,0,0,0,0,0,7200.6123594,0.0,7200.6123594,10.132223070617034,1300.7956939304615,2652.20673014535,0.0,0.00182326714895624,0.00372849988531884,4.723493625799181E-4,0.0021168140945559593,0.0012197987726025102,1.5705469165529524,13.128639967262302,10.674165167312403,0.7717648664205005,0.001407133527663099,0.7717648664205004,5.529010472417874E-4
Track_22,22,22,7,0,0,0,0,0,7200.6123594,0.0,7200.6123594,11.199583190186612,1288.629173309504,2613.5671071783986,0.0,0.0017804818387305054,0.0026717624356828785,2.846923065760934E-4,0.002080798830109472,8.35618431564099E-4,1.6409905978611536,12.820559533650115,11.199583190186612,0.8735643058940659,0.0015553653816076042,0.873564305894066,5.268420604511767E-4
Track_23,23,23,7,0,0,0,0,0,7200.6123594,0.0,7200.6123594,6.466911173483557,1315.8214975284802,2626.6975075970117,0.0,0.0014868482459320623,0.0030111678722469907,4.2998284202957804E-4,0.0019499299780068758,0.0011588505480016147,1.611819863319397,10.706217856210618,6.9419580619870525,0.6040332132539352,8.981057236113208E-4,0.6040332132539351,0.0010496623252998316
Track_24,24,24,7,0,0,0,0,0,7200.6123594,0.0,7200.6123594,8.773334519973922,1260.3164691006002,2633.4834945309167,0.0,0.0015379951057883003,0.0041808979083899295,2.874092405027706E-4,6.44530659317873E-4,0.001762700079274836,1.6288903100149972,11.074506567435947,9.318567541020126,0.792209970399177,0.0012184150572306285,0.792209970399177,0.0015717870420192466
Track_25,25,25,7,0,0,0,0,0,7200.6123594,0.0,7200.6123594,6.1060187884835795,1259.4243070563875,2695.712326058042,0.0,0.0013483764814884646,0.0034198620151702757,3.687425608104944E-4,9.257900317881148E-4,0.0012298176122141444,1.4703941174915858,9.709136357730124,6.944637356867625,0.628894122351279,8.479860439247935E-4,0.628894122351279,8.699317668969433E-4
Track_27,27,27,7,0,0,0,0,0,7200.6123594,0.0,7200.6123594,10.565804786185629,1001.3101416032113,2708.0844507561696,0.0,0.0018975428116940341,0.004211622675313967,6.34954425086056E-4,0.0016895961962883441,0.0013911093450156846,1.4307984283992223,13.663470222374688,10.565804786185629,0.7732885287724006,0.001467348089137524,0.7732885287724006,8.386008432547439E-4
Track_29,29,29,7,0,0,0,0,0,7200.6123594,0.0,7200.6123594,5.264135969082692,1292.087398667443,2672.1360941762237,0.0,0.0012829117981952008,0.0027072805671504952,1.8939257521815404E-4,0.0014891270849168516,9.331144723838695E-4,1.4940735782895769,9.237750550104442,5.264135969082692,0.5698504133155203,7.310678184488927E-4,0.5698504133155204,7.71765294567002E-4
Track_31,31,31,7,0,0,0,0,0,7200.6123594,0.0,7200.6123594,5.748398733802958,1312.9081580849177,2690.272933937911,0.0,0.0012760194506090988,0.002983420560447118,5.368852866784537E-4,0.0012770282016201992,9.005736823268883E-4,1.6128038167953491,9.188121426890675,6.784036369094212,0.6256337358558677,7.983208159093222E-4,0.6256337358558676,9.673503111000939E-4
Track_32,32,32,7,0,0,0,0,0,7200.6123594,0.0,7200.6123594,6.405958432319033,1254.279388182893,2749.59867144206,0.0,0.0022653997891098313,0.004149278630332473,2.675847497556468E-4,0.0038096640745035916,0.001874584345782375,1.5312674726758684,16.312265720446405,9.194903763121722,0.3927080726921684,8.896407850585666E-4,0.3927080726921684,0.0014855406365846982
Track_33,33,33,7,0,0,0,0,0,7200.6123594,0.0,7200.6123594,7.432018012942415,1223.0355858926662,2750.2108213847127,0.0,0.0014000226991568508,0.002523471906827758,3.2448726792489336E-4,0.0018449108403234288,9.089902448084339E-4,1.5790741443634033,10.081020750989367,7.432018012942415,0.7372287188490337,0.0010321369408589714,0.7372287188490337,6.952808198074938E-4
Track_34,34,34,7,0,0,0,0,0,7200.6123594,0.0,7200.6123594,4.494415340804749,1350.553168121888,2758.510146154723,0.0,0.0010689955844985287,0.00343234585465458,1.0041925032727441E-4,6.066784849764144E-4,0.0012536199516810097,1.5020053556987218,7.697422817884134,5.5776353712719935,0.5838857299565847,6.241712671752895E-4,0.5838857299565848,0.0013638379014289357
Track_35,35,35,7,0,0,0,0,0,7200.6123594,0.0,7200.6123594,9.09069797609595,1272.5463919074857,2761.8119139653027,0.0,0.0024582081987184834,0.00496878963025537,3.9758772050124897E-4,0.003577123038230188,0.0021543775214845407,1.4188175371715002,17.700604337670725,9.436437411453417,0.5135812203173749,0.0012624895664920146,0.5135812203173749,0.0015514654538990233
Track_36,36,36,7,0,0,0,0,0,7200.6123594,0.0,7200.6123594,6.5672198298881215,1336.245573368345,2734.8934411686387,0.0,0.0012428401423557605,0.004886169020536182,1.5704330406307858E-4,4.878049056057392E-4,0.001836099110354799,1.5987382956913538,8.949210089805346,7.424673514719314,0.7338323454233451,9.120362966512119E-4,0.7338323454233452,9.304388596060696E-4
Track_37,37,37,7,0,0,0,0,0,7200.6123594,0.0,7200.6123594,8.894055983244062,1291.3931573879831,2741.5361360512607,0.0,0.001963552167774426,0.005023077922269617,7.45583979945292E-5,0.0017805048163995266,0.0017967256009952578,1.5888912507465907,14.1387780076032,9.360283118048699,0.6290540793879951,0.0012351805012296442,0.6290540793879953,9.420410512280016E-4
Track_38,38,38,7,0,0,0,0,0,7200.6123594,0.0,7200.6123594,5.390713842388961,1141.0345195716352,2747.776114668123,0.0,0.0025940261072216527,0.007295672153749299,4.376014937183004E-4,0.0018642882276399058,0.002676273732431282,1.472495777266366,18.678576448266504,7.224388329797342,0.2886041052068106,7.486465835578113E-4,0.2886041052068106,9.937618348139934E-4
Track_40,40,40,7,0,0,0,0,0,7200.6123594,0.0,7200.6123594,7.091359442833728,958.9147864810993,2786.542575613261,0.0,0.0013583127844386978,0.002813805528051501,8.309878200506388E-5,0.00179018983627653,0.0010699635896820328,1.3844017471585954,9.780683823560317,7.091359442833728,0.7250371825486908,9.848272742493008E-4,0.7250371825486909,0.0015903099247060177
Track_41,41,41,7,0,0,0,0,0,7200.6123594,0.0,7200.6123594,8.560120211907774,1282.3213744188567,2791.8129142942457,0.0,0.0014965089336535522,0.003354316888507721,7.164935709064812E-4,0.0013539394692183159,9.798617927551112E-4,1.5012291499546595,10.775780723618283,8.972323328855975,0.7943851523579875,0.0011888044772654664,0.7943851523579875,8.056773911638178E-4
Track_42,42,42,7,0,0,0,0,0,7200.6123594,0.0,7200.6123594,7.101108522045138,1314.5364374224248,2790.717445111338,0.0,0.0021495471839753488,0.004028208593012915,8.636328604254262E-4,0.002901421840442726,0.0013571813303487155,1.5023258924484253,15.478056020046363,8.206985133212585,0.4587855550366374,9.861811978775714E-4,0.4587855550366374,0.0016280227319644875
Track_43,43,43,7,0,0,0,0,0,7200.6123594,0.0,7200.6123594,12.6845633260123,1162.3691038068407,2766.752105952243,0.0,0.001994284336295577,0.00372220449522819,5.499208089648757E-4,0.002284889557220176,0.0013906633294597842,1.4620476109640939,14.36006844008776,12.6845633260123,0.8833219269764692,0.0017615950828755982,0.8833219269764693,7.232686302513006E-4
Track_44,44,44,7,0,0,0,0,0,7200.6123594,0.0,7200.6123594,9.699865635700668,1260.141936543611,2783.198624826687,0.0,0.0013713492597630386,0.002873753637962257,3.182510984398803E-4,0.0012288866594704568,0.0010788007116680827,1.6462899787085397,9.874554428903775,9.699865635700668,0.9823091973961098,0.0013470889907075793,0.9823091973961096,1.6930847307095238E-4
Track_45,45,45,6,1,0,0,0,1,7200.6123594,0.0,7200.6123594,18.09628341429895,1113.3180014989005,2777.8989135517077,0.0,0.0023587310093742394,0.0055019902418665554,1.2102294443220247E-4,0.002901850236457379,0.0022186932487458398,1.4648178617159526,20.75653953831391,18.09628341429895,0.8718352777877801,0.0025131589524709317,1.065470773260263,6.149857649757571E-4
Track_46,46,46,7,0,0,0,0,0,7200.6123594,0.0,7200.6123594,11.877076159275836,997.7711740437824,2815.710885625392,0.0,0.0020361793636077454,0.003943983532924856,4.161469293952771E-4,0.0021536900086235457,0.0013361342656419634,1.4194785697119576,14.66173829154916,12.376583787003241,0.8100728524203459,0.001649453625117171,0.810072852420346,0.0010346948179149242
Track_47,47,47,7,0,0,0,0,0,7200.6123594,0.0,7200.6123594,4.502479218836968,1147.7947381826546,2818.067980395367,0.0,0.0010126539765861317,0.001762003095740464,2.9396758499795526E-4,0.0011678943842859584,5.324486180942417E-4,1.5877574852534704,7.291728739601659,5.057633183859812,0.6174776077974254,6.252911549889547E-4,0.6174776077974254,5.562015345343006E-4
Track_48,48,48,7,0,0,0,0,0,7200.6123594,0.0,7200.6123594,9.272113462496465,1197.5844154237805,2819.1414437256303,0.0,0.0016020056623112212,0.003626080599072449,6.734150809767982E-4,0.0013333526443010295,0.0010569586736801301,1.4613011223929269,11.535421771866961,9.272113462496465,0.8037949236593723,0.00128768401903933,0.8037949236593722,0.0011177072144190545
Track_49,49,49,7,0,0,0,0,0,7200.6123594,0.0,7200.6123594,10.852750795715048,1090.7741249532367,2819.9487919196513,0.0,0.0018144931399748528,0.004151187956773231,8.138050574987145E-4,0.0015989864279487192,0.0011921382374360059,1.5025915588651384,13.065461729749437,10.852750795715048,0.8306442604323618,0.0015071983123140053,0.8306442604323617,0.0011114320676832569
Track_50,50,50,7,0,0,0,0,0,7200.6123594,0.0,7200.6123594,9.76383978758353,1303.8727074007954,2813.0008993472634,0.0,0.0021661936991623724,0.004620555885361481,6.091071860456977E-4,0.0012070481194267624,0.0017765836169592324,1.4531042405537196,15.597921123042985,10.329325770455847,0.625970583551631,0.0013559735339505367,0.6259705835516312,0.0010665990598671272
Track_51,51,51,7,0,0,0,0,0,7200.6123594,0.0,7200.6123594,5.720409111270131,1219.292816132269,2814.882370846004,0.0,0.0013873099523342394,0.0032840728811033243,4.6170273651505964E-4,0.001437441398202317,0.001069215225871339,1.6081486599785941,9.98948118909655,6.126035346074138,0.5726432637476627,7.944336989342932E-4,0.5726432637476627,0.0017278722659164636
Track_52,52,52,7,0,0,0,0,0,7200.6123594,0.0,7200.6123594,6.924438165431606,1352.4509890419545,2818.908963092527,0.0,0.0014367964615141222,0.003888023866584578,2.01390727526021E-4,8.375119125578187E-4,0.0014526913131386466,1.4911410978862218,10.345814358720775,7.4014602886067316,0.6692985129386942,9.616457350869799E-4,0.6692985129386942,0.0016079517967085414
Track_54,54,54,7,0,0,0,0,0,7200.6123594,0.0,7200.6123594,8.828024705449065,1199.0935252374768,2840.559569186659,0.0,0.0014582682451684172,0.003726469954243277,3.498905606844255E-4,0.0012545498127844936,0.0012193295691399274,1.4097099815096175,10.500424349480253,8.828024705449065,0.8407302801896794,0.0012260102703521554,0.8407302801896793,5.885440739369053E-4
Track_57,57,57,7,0,0,0,0,0,7200.6123594,0.0,7200.6123594,5.796976945143244,1249.3097703323167,2832.8654817036104,0.0,0.0015941115836634843,0.0033447380078576246,3.064739226810554E-4,0.0017426402509738966,0.001085433935105862,1.6015878064291817,11.478579571589993,5.796976945143244,0.5050256357059217,8.05067215925825E-4,0.5050256357059218,0.0010681044590636246
Track_58,58,58,7,0,0,0,0,0,7200.6123594,0.0,7200.6123594,5.90547960801863,1043.3994375836176,2856.57155271311,0.0,0.0018308494505062099,0.004198194583621946,5.013419891641918E-4,0.0016957917049900161,0.0013784238337453518,1.3169546467917306,13.183237181515715,6.517226700510735,0.4479536798669399,8.201357486366217E-4,0.44795367986693996,8.715481170711338E-4
Track_59,59,59,7,0,0,0,0,0,7200.6123594,0.0,7200.6123594,9.314338492647044,1277.4777392720323,2863.677629602212,0.0,0.0016875309009961874,0.0047608369972521785,4.184225202708535E-5,0.001938552329854633,0.0017238201625233089,1.6066185576575143,12.151255862582566,9.383540516043627,0.7665329903330191,0.0012935481078199817,0.7665329903330192,8.888376152513023E-4
Track_60,60,60,7,0,0,0,0,0,7200.6123594,0.0,7200.6123594,6.465173211682154,1164.5870070665424,2867.2328514075343,0.0,0.0020472062193404882,0.0031931301145895685,9.655648739436922E-4,0.0028335723545665527,0.0010839308000487344,1.5462957109723772,14.741138405223667,7.215055717543633,0.43858032086525667,8.978643605557004E-4,0.43858032086525667,9.305222467842607E-4
Track_62,62,62,7,0,0,0,0,0,7200.6123594,0.0,7200.6123594,7.258340743602656,1222.5279773917937,2847.6262882577334,0.0,0.0014684087265347018,0.002985161483241483,4.867865555936128E-4,0.0016111826229506393,8.940259333693111E-4,1.5440425872802734,10.57344202493659,7.258340743602656,0.6864690539262862,0.0010080171492813795,0.6864690539262862,0.0015166039226310504
Track_63,63,63,7,0,0,0,0,0,7200.6123594,0.0,7200.6123594,6.640846728720394,1118.6366001323304,2854.040961585592,0.0,0.0012267748622020159,0.002855993362604767,3.4896915774989656E-4,0.001023118683999549,0.001113461525176633,1.504491192953927,8.833530234973068,6.640846728720394,0.7517772116099675,9.222613851794337E-4,0.7517772116099676,0.0011227357547744308
Track_65,65,65,7,0,0,0,0,0,7200.6123594,0.0,7200.6123594,7.585064696347198,1308.233755293178,2880.5306700481146,0.0,0.0016711585547118596,0.0034467461041589585,5.030565456694287E-4,0.0014616855805371365,0.0010393378096266546,1.6530818598611015,12.033364943575258,7.877878562116114,0.6303361305764225,0.00105339161695676,0.6303361305764223,8.822338425965789E-4
Track_66,66,66,7,0,0,0,0,0,7200.6123594,0.0,7200.6123594,5.360149660554726,1243.300815134159,2883.3986904937346,0.0,0.0012970852625417242,0.003208450406462104,2.760288869366988E-4,0.0013165196668299905,0.0010474559500487889,1.5926563739776611,9.339808172653534,5.528338739688442,0.5739036135933672,7.44401919311397E-4,0.5739036135933673,0.0010054119635502339
Track_67,67,67,7,0,0,0,0,0,7200.6123594,0.0,7200.6123594,10.380242970735658,1073.5609456808274,2883.707045047992,0.0,0.0016650357614690344,0.003105517931049535,4.806927632868806E-4,0.0021619963976477487,0.0010978994060745486,1.5750983612877982,11.989277082876919,10.380242970735658,0.8657939005814385,0.0014415778065298608,0.8657939005814385,6.046006131922487E-4
Track_68,68,68,7,0,0,0,0,0,7200.6123594,0.0,7200.6123594,8.100154704487615,1029.0923483454703,2865.121345533395,0.0,0.0015924597149549647,0.00556650498914797,8.921010794215407E-5,0.0016419604608785957,0.0020924410312395205,1.528056263923645,11.466685105351319,8.147871380733081,0.7064077045865158,0.0011249258118878336,0.7064077045865157,0.0016137710369355251
Track_69,69,69,7,0,0,0,0,0,7200.6123594,0.0,7200.6123594,6.025044458033095,978.6480426488604,2866.3757014590274,0.0,0.0011034157211389799,0.0023914750181421147,3.948756449439966E-4,0.0010244341221925836,7.177690794506013E-4,1.4220562832696098,7.945268879189603,6.249109608125914,0.7583185100020975,8.367405655670012E-4,0.7583185100020976,4.593471145917331E-4
Track_70,70,70,7,0,0,0,0,0,7200.6123594,0.0,7200.6123594,4.508364087477306,1091.0050642537476,2874.1624778635555,0.0,9.570134155793256E-4,0.0022795115962227146,1.7252195527765792E-4,0.0010984832981141368,7.866528067208299E-4,1.6120768444878715,6.8910826283321,4.508364087477306,0.6542316107111458,6.261084283466372E-4,0.6542316107111458,0.0010047554025930192
Track_71,71,71,7,0,0,0,0,0,7200.6123594,0.0,7200.6123594,5.7233292794521615,1339.592439109453,2875.0420943730164,0.0,0.0012870307535579138,0.0040695883010852425,3.4362735528126973E-4,5.963790153037751E-4,0.0014724540586447167,1.714011209351676,9.267409550997009,6.844989493886094,0.6175759523691745,7.948392433569448E-4,0.6175759523691744,0.0012980719323973722
Track_72,72,72,7,0,0,0,0,0,7200.6123594,0.0,7200.6123594,14.260897395940702,1057.127780722931,2908.680650907914,0.0,0.0025854879584700733,0.00574985899480224,1.9797907249288201E-4,0.002465602033811321,0.0024204675078148548,1.4283965996333532,18.617096548839484,14.260897395940702,0.7660108201367023,0.001980511751521229,0.7660108201367023,0.001111502360656273
Track_73,73,73,7,0,0,0,0,0,7200.6123594,0.0,7200.6123594,11.653362491805547,1001.8915836014246,2911.358458031228,0.0,0.0018600442309505913,0.0057940272862895695,3.8967055484693397E-4,0.0010804544558975532,0.0020504653772557635,1.5503342492239816,13.393457478413497,11.712947010318578,0.870078731394601,0.0016183849248033368,0.8700787313946011,6.333602385481362E-4
Track_74,74,74,7,0,0,0,0,0,7200.6123594,0.0,7200.6123594,14.56186056669799,1101.7912503733376,2918.2915636713815,0.0,0.0021803312946104556,0.005312056807563075,8.334007378260531E-6,0.0014134296764073452,0.0021855116361767,1.6089988436017717,15.699720467558652,14.569863146515281,0.9275235566638338,0.0020223086370825516,0.9275235566638341,9.001470720912764E-4
Track_75,75,75,7,0,0,0,0,0,7200.6123594,0.0,7200.6123594,12.073947965434932,1181.5830389968648,2925.6652030351574,0.0,0.0017091924398852584,0.003170051028973986,4.3382467044318364E-4,0.0015790290503486378,9.436678161051379E-4,1.5443288939339774,12.307232207230834,12.073947965434932,0.9810449467542474,0.0016767946061799956,0.9810449467542475,2.3087264747703195E-4
Track_76,76,76,7,0,0,0,0,0,7200.6123594,0.0,7200.6123594,7.072043775092432,1011.5567521515292,2888.553327169901,0.0,0.0020560604102675926,0.007435780982497044,2.588544238673238E-4,8.413816328154988E-4,0.002816271008595822,1.4337184940065657,14.804894001845865,9.385497411147472,0.47768283745974094,9.82144770765263E-4,0.47768283745974105,0.0017297561703962772
Track_77,77,77,6,0,0,0,0,0,6000.510299500001,0.0,6000.510299500001,13.925007169931293,1208.2242874936237,2886.220693888476,0.0,0.0028799626960477986,0.005041114255696295,8.763532496284844E-4,0.0020936432032139986,0.0018751952218848543,1.5884968837102253,17.281245819810607,14.833276367628512,0.8057872282545833,0.002320637158324953,0.8057872282545834,9.632707281765085E-4
Track_78,78,78,7,0,0,0,0,0,7200.6123594,0.0,7200.6123594,7.814441234315617,1292.623454979612,2899.504753838652,0.0,0.002110194463693707,0.00442597637783003,5.585790621910877E-4,0.0019224697877339228,0.0016427739666187895,1.6024054459163122,15.194692336010359,7.814441234315617,0.5142875592022312,0.0010852467601750978,0.5142875592022312,9.239014868263597E-4
Track_79,79,79,7,0,0,0,0,0,7200.6123594,0.0,7200.6123594,14.97364478483974,1155.8470750469244,2897.1563900105893,0.0,0.0022749922951904584,0.004609892514184235,1.9464419155192423E-4,0.0020901514871378073,0.0017951234985530903,1.656093614442008,16.381337638288187,15.22664180949024,0.9140672828720507,0.0020794960258195927,0.9140672828720507,6.269293041069882E-4
Track_80,80,80,7,0,0,0,0,0,7200.6123594,0.0,7200.6123594,8.76055865284575,1308.9330932730497,2938.4732716097856,0.0,0.002252384848939994,0.005605494918742019,4.545049806168096E-4,0.0027727604616615497,0.0020536831294377636,1.5423801626477922,16.218550181402623,10.696256895419085,0.5401567066636602,0.0012166407821425532,0.5401567066636603,7.180226130129944E-4
Track_81,81,81,7,0,0,0,0,0,7200.6123594,0.0,7200.6123594,16.465808121260217,1124.5830173149643,2951.252553235451,0.0,0.002806158797188933,0.008942527821567056,6.20741630410826E-4,0.0018900412864878311,0.0031605373091163225,1.4720553330012731,20.20606171747767,17.03375307829547,0.8148944782751881,0.002286723308992605,0.8148944782751881,0.0014028560679491826
Track_85,85,85,7,0,0,0,0,0,7200.6123594,0.0,7200.6123594,6.825789385507008,1195.2481587158916,2972.5819487823437,0.0,0.0017330694992599115,0.004073719087823126,3.0585063820903616E-4,0.0020364931981124274,0.0014778661592626426,1.458706021308899,12.479161656070088,7.3123589490144685,0.5469749950860539,9.479456808414799E-4,0.5469749950860539,0.001181985878959946
Track_86,86,86,7,0,0,0,0,0,7200.6123594,0.0,7200.6123594,14.311821979580333,1339.514310761523,2979.2068420620258,0.0,0.0022733021197595535,0.005640345480410359,2.3621922730141044E-4,0.002200556062402912,0.0018539205477604165,1.563973341669355,16.36916734019086,14.311821979580333,0.8743158208445233,0.0019875840088651687,0.8743158208445233,7.021164246731498E-4
Track_87,87,87,7,0,0,0,0,0,7200.6123594,0.0,7200.6123594,15.891368205225412,961.8477230121732,2985.3138286988324,0.0,0.0025416417171614425,0.005605357563625165,5.584386792450568E-4,0.0026150108582196335,0.0017271066729723252,1.4500342096601213,18.30137676175932,15.891368205225412,0.8683154503671212,0.0022069467723089013,0.8683154503671212,3.506770321677811E-4
Track_88,88,88,7,0,0,0,0,0,7200.6123594,0.0,7200.6123594,11.327429284227412,1166.4888019677287,2948.0498014608092,0.0,0.0018676866995270777,0.004513173868067589,5.267013176587002E-4,0.0013486834515072572,0.0015289515160633535,1.6508274589266096,13.44848793210167,11.327429284227412,0.8422827414811986,0.0015731202735056388,0.8422827414811987,0.0010617417989008204
Track_90,90,90,7,0,0,0,0,0,7200.6123594,0.0,7200.6123594,11.371888561740382,985.7981787684885,3020.8149387778126,0.0,0.00209985177839546,0.007449475214248626,1.1784422540337953E-4,0.0014314390650839882,0.002666624683750172,1.660219601222447,15.120218668422421,11.371888561740382,0.7520981548692692,0.0015792946480301794,0.7520981548692695,9.194828010891318E-4
Track_91,91,91,7,0,0,0,0,0,7200.6123594,0.0,7200.6123594,11.881706399814941,1241.1834955055133,3018.9078222755074,0.0,0.002123265187015516,0.0040390917482153255,1.1442590445048344E-4,0.0029509156775547906,0.0017084031267356804,1.6139949219567435,15.288809547907677,12.517740172324393,0.7771505271606312,0.0016500966593909242,0.7771505271606312,9.13294630574306E-4
Track_93,93,93,7,0,0,0,0,0,7200.6123594,0.0,7200.6123594,4.630942595088008,1043.4764815901358,3032.7277352825417,0.0,0.0014834143033113675,0.004918570506729936,2.702858759393671E-4,8.11786924770836E-4,0.001750794112046164,1.505175965172904,10.681491366534573,7.081203975426643,0.43354831607100186,6.431317732362818E-4,0.43354831607100186,0.0010093968187808795
Track_94,94,94,7,0,0,0,0,0,7200.6123594,0.0,7200.6123594,23.218494657058017,1055.497361122042,2991.22221138347,0.0,0.0034848487462822066,0.01002619662672305,2.127269801054223E-4,0.003670710940176234,0.003969303489136868,1.4865069729941232,25.093044953119254,23.647939624036713,0.9252960212854432,0.003224516679716491,0.9252960212854433,8.907123172346628E-4
Track_95,95,95,7,0,0,0,0,0,7200.6123594,0.0,7200.6123594,8.20627668857238,1173.5962112635038,2998.4214297477633,0.0,0.0014813236356401144,0.002923056106148792,6.023554215317435E-4,0.001372570677704792,8.311534948497977E-4,1.3905147824968611,10.666437279061551,8.20627668857238,0.7693549846002921,0.001139663722885949,0.7693549846002922,4.671989506937449E-4
Track_97,97,97,7,0,0,0,0,0,7200.6123594,0.0,7200.6123594,13.302442633104969,1018.0307539098211,3016.4344653994945,0.0,0.003234248451445278,0.0077383504043269805,2.530280797633678E-4,0.004495892623416961,0.00309458162808596,1.4431507757731847,23.28856937284718,14.288296495755233,0.5712005070012877,0.0018474043552336723,0.5712005070012877,0.0016216837591501259
Track_98,98,98,7,0,0,0,0,0,7200.6123594,0.0,7200.6123594,15.995272769565823,1105.6008669334817,3053.149033576609,0.0,0.0026535125941543917,0.011291711157108173,6.184583260856891E-4,0.0012937907368764847,0.004244135128115987,1.5729318516595023,19.10691558129167,16.76630303147374,0.8371457288076063,0.00222137673453354,0.8371457288076062,0.0011808568413541722
Track_99,99,99,7,0,0,0,0,0,7200.6123594,0.0,7200.6123594,8.547074914887675,1154.7561873067273,3063.775708939232,0.0,0.0022329024457651767,0.0052902557459315585,3.3685652200143753E-4,0.002171931561019788,0.00210297302046627,1.609355858394078,16.07826494831122,8.547074914887675,0.5315918690458834,0.0011869927845414346,0.5315918690458834,8.889631083209435E-4
Track_100,100,100,7,0,0,0,0,0,7200.6123594,0.0,7200.6123594,5.498819908676139,1294.678671883452,3064.5674130710586,0.0,0.001358610010130143,0.0027091800535861636,4.418133272534735E-4,0.0016142366237323661,8.776916985622379E-4,1.7015783616474696,9.782824030547667,6.104425778820111,0.5620892179503203,7.636600380935289E-4,0.5620892179503204,0.0011214817546251702
Track_102,102,102,7,0,0,0,0,0,7200.6123594,0.0,7200.6123594,3.144087145925121,1198.8252133112958,3051.0160953956433,0.0,0.0013404766752252461,0.0035254440994175427,5.245654421559815E-4,9.721996406622122E-4,0.0011794424457960734,1.6197771685464042,9.652252915114326,3.6187567132780516,0.3257360922445204,4.3664163393279876E-4,0.3257360922445204,0.0018073398231634695
Track_103,103,103,6,0,0,0,0,0,6000.5102995,1200.1020599,7200.6123594,11.495073912552739,1076.9853624822981,3052.792385152441,0.0,0.0023262503668816164,0.004950732748397134,0.001243526177269577,0.0014411348629328128,0.0015843974404576142,1.6575251817703247,13.958689285688793,11.495073912552739,0.8235066829905092,0.0019156827234361351,0.8235066829905092,6.227173533816212E-4
Track_104,104,104,7,0,0,0,0,0,7200.6123594,0.0,7200.6123594,12.024214205068526,1200.3007538635973,3090.164064591819,0.0,0.0022842561430756105,0.004900210679381272,8.709404605394134E-4,0.0023369250512847,0.0014215354919029372,1.6766959769385201,16.448043015865615,12.024214205068526,0.7310422397041455,0.0016698877268919471,0.7310422397041454,9.572797016354827E-4
Track_105,105,105,7,0,0,0,0,0,7200.6123594,0.0,7200.6123594,17.632919616048376,1156.7135469633806,3100.0260050955685,0.0,0.0026438102099148276,0.007486488167663393,2.6412414506325006E-4,0.0015795783966791057,0.002978661107783404,1.4330335685185023,19.037052473420612,17.632919616048376,0.9262421081555207,0.002448808342394599,0.9262421081555204,0.001119398890202802
Track_106,106,106,6,1,0,0,0,1,7200.6123594,0.0,7200.6123594,18.60357933761949,976.7165570094988,3105.782006116535,0.0,0.0020874318756529432,0.005299008886395908,1.2177367485714098E-4,9.545121489654438E-4,0.0021509087346479887,1.3579760193824768,18.885007949352225,18.704558673801618,0.9850977763690912,0.002583610727681174,1.2376982251806552,5.876298528585007E-4
Track_108,108,108,7,0,0,0,0,0,7200.6123594,0.0,7200.6123594,9.017765847744792,993.0567774701395,3070.550954709874,0.0,0.0016506547483895277,0.0029070969797211368,1.3318697046236366E-4,0.0023759357471700624,0.0011548062898756215,1.4424302067075456,11.885724982355933,9.017765847744792,0.7587055784255016,0.0012523609656576776,0.7587055784255017,6.209616205709357E-4
Track_109,109,109,7,0,0,0,0,0,7200.6123594,0.0,7200.6123594,14.257811227658939,1176.6488521109907,3084.5911536192593,0.0,0.002708047764597043,0.0049146967186507046,8.774319283421798E-4,0.003327810020771888,0.001501248007075992,1.4377981764929635,19.49960220360301,14.257811227658939,0.731184722579852,0.0019800831534898776,0.7311847225798521,7.778940678721004E-4
Track_110,110,110,7,0,0,0,0,0,7200.6123594,0.0,7200.6123594,10.922409889924245,1239.7375916903275,3082.720494011501,0.0,0.0017460309291912252,0.006450325052831157,2.54693300319258E-4,5.669738742901116E-4,0.0024228760439387875,1.5551682540348597,12.572491888629003,10.922409889924245,0.8687545783825759,0.00151687236373246,0.8687545783825759,0.0010204268872646691
Track_112,112,112,6,0,0,0,0,0,6000.5102995,1200.1020599,7200.6123594,6.90908747146552,1323.701740981791,3138.9827590443088,0.0,0.0017341685158995645,0.006638835175908902,1.0814284476818357E-4,5.763086739879686E-4,0.0027646386350572085,1.48262886206309,10.405896040723967,8.058261353962434,0.6639589175623588,0.0011514166506873971,0.6639589175623588,0.0017653985928044909
Track_114,114,114,7,0,0,0,0,0,7200.6123594,0.0,7200.6123594,4.765714738083548,1240.3654688818938,3139.953271340575,0.0,0.0012781671064226517,0.0037361088217672906,3.157463995943398E-4,7.239981842942283E-4,0.0013026085815342982,1.4767173017774309,9.203585863885479,4.802366926796598,0.5178106456076029,6.618485345711148E-4,0.5178106456076028,9.01712005760706E-4
Track_118,118,118,7,0,0,0,0,0,7200.6123594,0.0,7200.6123594,9.247355301055224,1180.6379503105795,3125.719313498266,0.0,0.0014053901819165637,0.0028485606721865312,9.225030078326936E-5,0.0020796054503873763,0.0012493887333685112,1.4324911832809448,10.119669913687824,9.247355301055224,0.9138000922883156,0.0012842456779364486,0.9138000922883156,6.733137236626289E-4
Track_119,119,119,7,0,0,0,0,0,7200.6123594,0.0,7200.6123594,8.537759082902532,1043.446056263708,3165.19808961621,0.0,0.0023850621505380498,0.0061696019223358425,4.595568433164032E-4,0.001295033462580357,0.002351951419288863,1.6687126329966955,17.173907999101427,11.703988272458398,0.49713548502468075,0.0011856990290217417,0.49713548502468086,9.638554260222063E-4
Track_120,120,120,7,0,0,0,0,0,7200.6123594,0.0,7200.6123594,5.9961678260912255,1025.7637244349353,3183.2198641636,0.0,0.0016029836359605545,0.003103542387142872,3.8530722338667953E-4,0.0020311169731453598,0.0011495637049746196,1.5663257837295532,11.54246378101352,7.099980176766332,0.5194876882312135,8.327302633176136E-4,0.5194876882312135,6.447799311298222E-4
Track_121,121,121,7,0,0,0,0,0,7200.6123594,0.0,7200.6123594,8.781618382227986,1318.7418556260473,3183.5844624198285,0.0,0.001462879458960501,0.004109550205882337,8.956156764311402E-5,0.001535954873835826,0.001458700384201922,1.6634167432785034,10.53362791250337,8.781618382227986,0.8336746328208768,0.0012195654958100989,0.8336746328208771,6.025190368630172E-4
Track_122,122,122,7,0,0,0,0,0,7200.6123594,0.0,7200.6123594,19.95987169987444,1156.5455649995372,3183.0268853722505,0.0,0.002846006638945987,0.006162352866458789,5.308324976488061E-4,0.0018491607513270547,0.002222787088621729,1.5522570950644357,20.49299057932893,19.95987169987444,0.9739853059810489,0.002771968647057904,0.9739853059810489,1.8097979814948997E-4
Track_123,123,123,7,0,0,0,0,0,7200.6123594,0.0,7200.6123594,25.7316880450439,1067.9331573645463,3142.7818248814397,0.0,0.003822754522764733,0.008624442984254665,5.662654821025943E-4,0.005225665031949727,0.003391673416271984,1.597898977143424,27.526173463571986,26.218961519051945,0.9348080320389283,0.0035735416323936127,0.9348080320389284,8.673003432462621E-4
Track_124,124,124,7,0,0,0,0,0,7200.6123594,0.0,7200.6123594,8.031490556060838,1339.5821995631347,3144.5230235109825,0.0,0.0016395171447174707,0.003498535897593192,1.2152078070923709E-4,0.001617034047347619,0.001300192314264935,1.5598359278270177,11.80552741570082,8.031490556060838,0.6803161157695774,0.0011153899356318177,0.6803161157695774,0.0012211571990421602
Track_125,125,125,7,0,0,0,0,0,7200.6123594,0.0,7200.6123594,8.77996709310284,1150.0076579684567,3149.613255804881,0.0,0.0017860732525863264,0.003713370653280693,3.063268873111909E-4,0.0024863399325278954,0.0013763268769254866,1.7258962733404977,12.860821137366859,8.77996709310284,0.6826910194398724,0.0012193361696024479,0.6826910194398724,0.0012712427335900534
Track_127,127,127,7,0,0,0,0,0,7200.6123594,0.0,7200.6123594,10.968357237989753,1107.8568171077052,3222.296356068891,0.0,0.0017825826021871105,0.003953326005691187,4.0834578620753935E-4,0.0014965634482486307,0.001326731919723182,1.709148951939174,12.835686316959922,10.968357237989753,0.8545205115753843,0.0015232533971463096,0.8545205115753843,6.287652588295381E-4
Track_128,128,128,7,0,0,0,0,0,7200.6123594,0.0,7200.6123594,22.141865969936113,1152.0733904943327,3226.247503612881,0.0,0.003319767494728257,0.010755475336775308,3.682278479283072E-4,0.001966840508014974,0.00403732072402016,1.5803675481251307,23.904358852874665,22.57892332661739,0.9262689748850302,0.003074997634198588,0.9262689748850303,6.84728771083279E-4
Track_129,129,129,7,0,0,0,0,0,7200.6123594,0.0,7200.6123594,2.7613820250764074,1224.3407402460637,3233.71678468325,0.0,0.0012271195299951197,0.0022241488183210477,3.0450536476291426E-4,0.0016195736637464831,8.285819878940533E-4,1.7003100429262434,8.836012054143978,2.906480743951756,0.31251451538947983,3.834926652413911E-4,0.31251451538947983,0.0012545028297294134
Track_131,131,131,7,0,0,0,0,0,7200.6123594,0.0,7200.6123594,5.890917297849311,1065.8448273474078,3223.424205007987,0.0,0.0017066964076540873,0.004731684470709178,1.370257712282013E-4,0.0013296033836545482,0.001676255400966209,1.6538187776293074,12.289259246697602,6.023375452438094,0.47935495375218257,8.181133775600413E-4,0.4793549537521826,0.0018732467817456611
Track_132,132,132,7,0,0,0,0,0,7200.6123594,0.0,7200.6123594,4.597006379661979,1287.8363139662292,3270.4560147123434,0.0,0.0013173102616430747,0.002563294460021201,2.1961552591122024E-4,0.0021234732079741,0.0010999127793797202,1.5826143366949899,9.485440551151573,5.753999991732618,0.48463815200485155,6.384188108197273E-4,0.4846381520048516,0.0012447454688380513
Track_134,134,134,7,0,0,0,0,0,7200.6123594,0.0,7200.6123594,4.184765447643239,1016.3425713931508,3251.9273807620616,0.0,0.0010274749776959917,0.003946405897561164,2.3652273797768016E-4,6.298535955730298E-4,0.0014427317795848082,1.658617649759565,7.398449023371997,4.4944368371585615,0.5656273949341811,5.811679949942396E-4,0.5656273949341811,0.0012880867375537626
Track_135,135,135,7,0,0,0,0,0,7200.6123594,0.0,7200.6123594,5.376305273776386,1127.0066846773866,3251.741483361875,0.0,0.0012589987271399946,0.003188399064877297,1.6352180894972296E-4,9.81016546841716E-4,0.0010927740113905358,1.5706109149115426,9.065561795113112,5.376305273776386,0.5930471155879761,7.46645563659307E-4,0.593047115587976,0.0011501307089181749
Track_136,136,136,7,0,0,0,0,0,7200.6123594,0.0,7200.6123594,4.34447264986258,1318.5445445311275,3253.244712650794,0.0,0.0013429206639310417,0.003270647449420138,2.6066146627417853E-4,0.0016514233647654827,0.001149568633026147,1.7870533636638097,9.669851130395514,6.035711369892696,0.44928020000292224,6.033476644789957E-4,0.44928020000292235,0.0011165578989343853
Track_137,137,137,7,0,0,0,0,0,7200.6123594,0.0,7200.6123594,15.639928723740779,1004.2183266406279,3297.4436001323006,0.0,0.0035025361835887936,0.007230297493805493,9.624962246681456E-4,0.0038602711890942235,0.0023277721241584714,1.41594660282135,25.220405332795174,18.484603328115632,0.6201299510203949,0.0021720275919760797,0.6201299510203949,6.490135458789223E-4
Track_139,139,139,7,0,0,0,0,0,7200.6123594,0.0,7200.6123594,4.969276970089259,988.7397625048372,3310.061104783272,0.0,0.0017967540255783452,0.003095087247136743,4.080242149244633E-4,0.0020972870004417133,9.52576632798029E-4,1.4569950103759766,12.93772924338114,6.097910167126467,0.3840918971643737,6.901186624221125E-4,0.3840918971643738,8.199532851680116E-4
Track_140,140,140,7,0,0,0,0,0,7200.6123594,0.0,7200.6123594,14.020326360609394,1245.6798607259357,3311.8880432896267,0.0,0.0030763899308175737,0.0075121805959474375,8.410569525631442E-4,0.0019425710196497574,0.002783662576694681,1.5502341474805559,22.151891358178734,16.79597345027091,0.6329178007381716,0.0019471019492261147,0.6329178007381716,6.618418243043212E-4
Track_141,141,141,7,0,0,0,0,0,7200.6123594,0.0,7200.6123594,8.818769184849364,1260.184734631421,3280.9516257747523,0.0,0.0017429255877642962,0.0030034324035198515,1.3084439266617437E-4,0.0027345423280522433,0.0013183621768595147,1.4706121853419714,12.5501315287701,8.971837319482754,0.7026834073119547,0.0012247248907014067,0.7026834073119546,9.516329017337337E-4
Track_142,142,142,7,0,0,0,0,0,7200.6123594,0.0,7200.6123594,21.660342513881922,1242.5689928408694,3284.9917010530858,0.0,0.0039049815490046417,0.010343067751605102,2.4142464745619896E-4,0.00266216216121138,0.004065759003517431,1.470609494618007,28.118258404991785,21.660342513881922,0.7703301606345789,0.003008125063919813,0.770330160634579,8.136901442704974E-4
Track_143,143,143,7,0,0,0,0,0,7200.6123594,0.0,7200.6123594,11.737737297111625,1050.4656741590852,3289.88304105309,0.0,0.001813139178420975,0.00353691964683614,9.794058721307004E-5,0.0029071936205489323,0.001684816867349218,1.7037264789853777,13.055712377450433,11.900900923015977,0.8990499298517645,0.0016301026511708634,0.8990499298517645,7.752434633749529E-4
Track_145,145,145,7,0,0,0,0,0,7200.6123594,0.0,7200.6123594,16.943753334959244,1169.5155022847805,3367.442431530351,0.0,0.0025104782784183726,0.006804892133425031,8.121665399766384E-4,0.0019382837176561544,0.002348839383057577,1.4649183239255632,18.076980919584567,16.943753334959244,0.9373110150601759,0.002353098943430848,0.937311015060176,3.359724995253074E-4
Track_146,146,146,7,0,0,0,0,0,7200.6123594,0.0,7200.6123594,2.0406703748778936,1294.2355551637247,3368.7620756128686,0.0,0.0017795372327044992,0.003593546844676392,2.9312809190597825E-4,0.002082136250083551,0.0013104637138943642,1.6804283176149641,12.813757791824491,5.089205058557708,0.1592562000961103,2.8340233761006613E-4,0.1592562000961103,0.0016044637805230292
Track_147,147,147,7,0,0,0,0,0,7200.6123594,0.0,7200.6123594,10.237400767267236,1052.920887255318,3370.602550561539,0.0,0.0025588046770599906,0.005483617325387382,5.60034948081115E-4,0.0031722474849391266,0.0019257471123020778,1.459138069834028,18.424960582928698,12.852893250030828,0.5556267391286854,0.001421740298782072,0.5556267391286855,0.0011437900705633035
Track_148,148,148,7,0,0,0,0,0,7200.6123594,0.0,7200.6123594,20.570582216007708,1004.3997584135842,3338.041831899801,0.0,0.0030810662850300563,0.006338179913177905,2.217997366083988E-4,0.00380478049453186,0.0025512494939200735,1.5253953082220895,22.185563972118068,20.738588040882597,0.9272057380132411,0.002856782338679009,0.9272057380132412,4.8435138277302253E-4
Track_150,150,150,7,0,0,0,0,0,7200.6123594,0.0,7200.6123594,6.1963752721418555,1315.2885708565766,3353.6348869021936,0.0,0.0013531668010798256,0.002951131499189997,2.1643759017701329E-4,0.0015099395026495345,0.0011490181809959618,1.6717027085168021,9.743629592185155,6.308648036333448,0.6359411771062846,8.605344882998501E-4,0.6359411771062847,0.0010061023125543776
Track_151,151,151,7,0,0,0,0,0,7200.6123594,0.0,7200.6123594,10.431190048205226,1188.0895041828423,3357.035718876181,0.0,0.0022123355734013435,0.004711716625862756,1.737553688443023E-4,0.0027891620425077182,0.0017572087568556453,1.7118345158440726,15.930170872974003,10.661057670322071,0.6548071663124494,0.0014486531877511619,0.6548071663124495,6.935305420595082E-4
Track_154,154,154,7,0,0,0,0,0,7200.6123594,0.0,7200.6123594,16.919221837915487,1190.926406501049,3413.8126288701073,0.0,0.0029484775135269576,0.007152778119040334,2.1104871434643528E-4,0.0034143079331183197,0.0030064307944667103,1.4987110580716814,21.230843625315195,16.919221837915487,0.7969170767072757,0.0023496920808170406,0.7969170767072759,0.00135811918574559
Track_155,155,155,6,1,0,0,0,1,7200.6123594,0.0,7200.6123594,26.00494376928884,1149.1033554604908,3376.4439371937674,0.0,0.004555006609087337,0.012055087997746248,4.208757379932349E-4,6.076097153739258E-4,0.005613900105983923,1.4833592971165974,27.987975405883397,26.00494376928884,0.9291470137501371,0.0036114905887609443,0.7928617669963293,5.001402246509773E-4
Track_156,156,156,7,0,0,0,0,0,7200.6123594,0.0,7200.6123594,4.512007860030402,1341.917419467976,3376.9933117897845,0.0,0.002198097164907396,0.003899558379300132,0.0012407857142811556,0.0018604066564326329,0.0012085864309296082,1.5527601412364416,15.827645612794297,9.74995434208976,0.28507132206593727,6.266144648295399E-4,0.28507132206593727,7.245685415576075E-4
Track_157,157,157,7,0,0,0,0,0,7200.6123594,0.0,7200.6123594,5.3698901749245005,1041.0647658818386,3394.995266739132,0.0,0.0016717170890614983,0.0035159685908094963,6.048491500994157E-4,0.0015526173101680029,0.0010328025386504552,1.6338051898138863,12.037386732916413,8.314083569837008,0.4461009930203917,7.457546534794929E-4,0.44610099302039163,6.354071825216108E-4
Track_158,158,158,7,0,0,0,0,0,7200.6123594,0.0,7200.6123594,9.635245063617855,1057.2435912112383,3414.592873985919,0.0,0.0024888496787867026,0.0049754640529245464,5.972903257256513E-4,0.002399050873878277,0.0016769219607499933,1.5557180643081665,17.92124175776025,10.761314968720521,0.5376438303693775,0.0013381146745164775,0.5376438303693775,0.0013167781701567535
Track_160,160,160,7,0,0,0,0,0,7200.6123594,0.0,7200.6123594,15.62197637202703,1298.4607015062363,3451.071613257399,0.0,0.002372332358823894,0.005420619389997322,2.089578813220085E-5,0.0031489248819390574,0.002420079402780253,1.713897943496704,17.082245703551887,15.74528631670524,0.914515377142642,0.002169534421837527,0.914515377142642,0.0013357348238539428
Track_162,162,162,7,0,0,0,0,0,7200.6123594,0.0,7200.6123594,2.7051407979638586,1351.6024578287913,3455.4085955495075,0.0,0.0024304137128939103,0.006322032367807533,0.0010117288784621727,0.0017446673437513784,0.0020197627699117563,1.5907811096736364,17.500467019519135,9.041207241278075,0.15457534904335304,3.7568204799032787E-4,0.15457534904335307,9.457237520031166E-4
Track_164,164,164,7,0,0,0,0,0,7200.6123594,0.0,7200.6123594,2.657750216782966,1252.852379466336,3424.9538464028906,0.0,0.0010479741338155688,0.001856719253031615,1.4977835084163186E-4,0.001252206551916047,5.946833148005344E-4,1.587252906390599,7.546055500283894,2.657750216782966,0.3522039052963468,3.691005825793997E-4,0.3522039052963468,0.0012960865122341547
Track_165,165,165,7,0,0,0,0,0,7200.6123594,0.0,7200.6123594,2.0923706543782914,1207.3270013808253,3437.721124105083,0.0,0.002077348176798253,0.004957950550829957,6.80595764908723E-5,0.0025903730506012844,0.0018355156354569592,1.5994051354272025,14.958178956630558,5.950046668933372,0.13988137596460562,2.905823213281045E-4,0.13988137596460565,0.0011900989495303813
Track_167,167,167,7,0,0,0,0,0,7200.6123594,0.0,7200.6123594,5.442728532663816,1031.1046894112176,3559.124623130209,0.0,0.0010020449927231855,0.0018165378531719365,3.7280005431293106E-4,0.0010228339794633823,4.893744124298357E-4,1.597925169127328,7.2153375592774545,5.442728532663816,0.7543276371963465,7.55870231725311E-4,0.7543276371963468,9.434511941849705E-4
Track_168,168,168,7,0,0,0,0,0,7200.6123594,0.0,7200.6123594,3.8238168900429748,1360.894846052363,3574.358833638435,0.0,0.0019321409357041816,0.003304777057044701,6.660632041620769E-4,0.002027176693848357,9.779983716429767E-4,1.5073508194514684,13.912597901734213,6.13410793899564,0.2748456411269051,5.310405142211542E-4,0.2748456411269052,9.664614133721678E-4
Track_169,169,169,7,0,0,0,0,0,7200.6123594,0.0,7200.6123594,6.566872282015775,1319.9891423579827,3474.9470152414024,0.0,0.0011662293041296407,0.002054942209658865,4.888979730466623E-4,0.0012482459436781977,5.564514325338238E-4,1.467868481363569,8.397565141210354,6.566872282015775,0.7819971827059006,9.119880302184422E-4,0.7819971827059008,8.588868454212897E-4
Track_170,170,170,7,0,0,0,0,0,7200.6123594,0.0,7200.6123594,6.682913108686708,1079.678937139925,3481.4225856634066,0.0,0.0015956456344656989,0.003607266381449752,3.486778994682544E-4,0.0014515122683662113,0.001331756590696654,1.34994261605399,11.489625676756365,7.66265367222917,0.5816475920713685,9.281034410861648E-4,0.5816475920713685,0.0011432442428592764
Track_171,171,171,7,0,0,0,0,0,7200.6123594,0.0,7200.6123594,11.243145988669513,1025.2661803070139,3538.1853318649846,0.0,0.001989508677231968,0.007082969121166915,1.2923298742626975E-4,9.780821798703089E-4,0.0026593343424300363,1.5768577882221766,14.325680770410052,11.451993851751842,0.7848245517164134,0.0015614152557444935,0.7848245517164132,0.0016421308141248768
Track_172,172,172,7,0,0,0,0,0,7200.6123594,0.0,7200.6123594,7.328828715072571,1334.6531104858855,3704.0146332110066,0.0,0.001244799162954363,0.004221027939864353,2.079563969270061E-4,0.0010910936001555355,0.0015238497520978726,1.7325144495282854,8.963316237739962,7.328828715072571,0.8176470092859832,0.0010178063127513303,0.8176470092859832,6.503284091631405E-4
Track_173,173,173,7,0,0,0,0,0,7200.6123594,0.0,7200.6123594,5.75003817529809,1297.3716895765824,3747.982647237527,0.0,0.0012237833926062724,0.0027918082816779095,1.28339890516034E-4,0.0012111571561977132,0.0011047991687750686,1.741098403930664,8.811989822029187,5.75003817529809,0.6525243777430959,7.985484967527427E-4,0.6525243777430959,8.601689908343E-4
Track_174,174,174,7,0,0,0,0,0,7200.6123594,0.0,7200.6123594,7.920297087016616,1050.4749222403118,3594.6919334896534,0.0,0.001887560321083994,0.004820091873749152,1.2183487207716086E-4,0.0023634733679595474,0.0017104633904325736,1.6821350029536657,13.59159017711044,8.033146263171231,0.582735131342848,0.0010999477116244297,0.582735131342848,0.0011309807456449366
Track_175,175,175,7,0,0,0,0,0,7200.6123594,0.0,7200.6123594,20.46338249025803,1076.6130609671193,3637.0041499942445,0.0,0.0033526615785981727,0.008029836532294339,4.063108703945347E-4,0.0023691089303158807,0.003493916759520093,1.7150991473879134,24.141216399739516,21.814363060664814,0.8476533307774347,0.0028418947540682733,0.8476533307774348,6.263320607297351E-4
Track_176,176,176,7,0,0,0,0,0,7200.6123594,0.0,7200.6123594,9.780325275899418,987.5960692324134,3643.059239196909,0.0,0.0018973673227373024,0.004468638526196819,4.157638554317384E-5,0.0016996481756981982,0.0018784789390561356,1.7069039685385567,13.66220659442391,10.038828472282825,0.7158671776996227,0.001358262990387442,0.7158671776996228,0.0011195544780163897
Track_177,177,177,7,0,0,0,0,0,7200.6123594,0.0,7200.6123594,12.915306820750663,1314.702544587711,3643.871884082872,0.0,0.0027091690463565262,0.007567789812206939,2.843037202681946E-4,0.001927879159953098,0.0027746254087818003,1.7346235343388148,19.50767611889871,13.252529988087733,0.6620628075857036,0.0017936400650550848,0.6620628075857036,0.0015142539247303248
Track_178,178,178,6,0,0,0,0,0,6000.5102995,1200.1020599,7200.6123594,4.095884434430764,1165.400316185471,3838.582238055354,0.0,0.0016267714368516303,0.002491468633270221,6.386859901202571E-4,0.0016834701824143456,7.922540959894595E-4,1.7189040382703145,9.761458761760622,4.631637011011609,0.41959757597664754,6.825893515709921E-4,0.41959757597664754,0.0016433852844915478
Track_181,181,181,7,0,0,0,0,0,7200.6123594,0.0,7200.6123594,6.353403149686289,1354.8460573632976,3786.9697171155954,0.0,0.001043210773094227,0.0027380356327059907,2.0172099784406493E-4,8.245100115138773E-4,9.487111983009078E-4,1.4758267572947912,7.511756386201521,6.353403149686289,0.8457946215291232,8.823420610043358E-4,0.8457946215291233,6.575995259365211E-4
Track_182,182,182,7,0,0,0,0,0,7200.6123594,0.0,7200.6123594,8.733187331874339,972.3291062450365,3970.081639432403,0.0,0.0014089299712266618,0.0037016153107048678,5.027522812871226E-4,0.0010707194098177756,0.0011973371042424542,1.6273597819464547,10.145158564343788,8.733187331874339,0.8608231479563101,0.0012128395330813285,0.8608231479563102,4.157490898711303E-4
Track_185,185,185,7,0,0,0,0,0,7200.6123594,0.0,7200.6123594,6.1421756045011335,981.5915738187842,4195.634013193785,0.0,0.0015473893796548498,0.003233390665083321,4.313223205322192E-4,0.00197244942519603,0.0011153894119676575,1.6129538331712996,11.142151091947012,6.65921375367745,0.5512558171052258,8.530073968615828E-4,0.5512558171052259,0.0011096209090305635
Track_186,186,186,7,0,0,0,0,0,7200.6123594,0.0,7200.6123594,7.997604996145923,1087.6972329009545,4561.538952894723,0.0,0.0028380163936191577,0.00609078222440246,9.234173622316607E-4,0.0030002998625301204,0.001878948724400241,1.6981525761740548,20.43545592007392,8.579344991072459,0.3913592643797983,0.0011106840081046014,0.39135926437979823,0.0014255197826447575
Track_189,189,189,7,0,0,0,0,0,7200.6123594,0.0,7200.6123594,1.3594108654535848,985.2942564911264,5013.059931106435,0.0,7.263670980507646E-4,0.0014307695466106501,2.490892361601275E-4,5.384323184730816E-4,4.64385052855902E-4,1.669263550213405,5.230287903685847,3.120258709652299,0.25991128796095364,1.8879100798683453E-4,0.25991128796095364,6.617426756537665E-4
Track_197,197,197,7,0,0,0,0,0,7200.6123594,0.0,7200.6123594,9.846332995940443,1355.690010039725,5696.397531092308,0.0,0.0021245120731608947,0.00730707842847355,2.068488232113249E-4,0.0014304961195262358,0.0027152947783877306,1.3668156351361955,15.297787891696858,9.878367236075379,0.6436442357319331,0.0013674299496329089,0.6436442357319331,8.656648243133173E-4
Track_198,198,198,7,0,0,0,0,0,7200.6123594,0.0,7200.6123594,10.97999962252029,1350.5110497377755,5377.278989839724,0.0,0.001878951732893389,0.005601909798656018,3.13942410366171E-4,0.0015826289071743224,0.001985930299063717,1.4115636348724365,13.529603070588182,10.987478882195715,0.8115537141211157,0.001524870257483936,0.8115537141211155,0.0011418966676706014
Track_199,199,199,7,0,0,0,0,0,7200.6123594,0.0,7200.6123594,6.274436559894168,1378.85544118144,5400.44935665891,0.0,0.0014677770685303398,0.0033836033357271026,6.661786933451921E-5,0.0012910006483992777,0.0013741429619837991,1.2992529358182634,10.568893700503466,6.274436559894168,0.5936701359381895,8.713754118013642E-4,0.5936701359381896,0.0011663924833027171
Track_200,200,200,7,0,0,0,0,0,7200.6123594,0.0,7200.6123594,7.2928147006134445,1333.570330763331,5444.178137119899,0.0,0.0011115096341817894,0.0023531638367960653,6.615033587014168E-5,0.001545386422524594,8.802035348820374E-4,1.7593450035367693,8.003550009481565,7.2928147006134445,0.9111974926093879,0.0010128047916776245,0.9111974926093879,6.491444798019164E-4
Track_201,201,201,7,0,0,0,0,0,7200.6123594,0.0,7200.6123594,6.776562910811241,1273.333210504895,5462.962380825652,0.0,0.0013883661943998509,0.00258395555865459,5.293822160973595E-4,0.0014135278546318518,8.336639187580525E-4,1.4263683557510376,9.997086778768708,6.776562910811241,0.6778537648790798,9.411092519047791E-4,0.6778537648790797,0.0010751493940773104
Track_204,204,204,7,0,0,0,0,0,7200.6123594,0.0,7200.6123594,6.338379780464365,1349.853530672553,5708.639216751231,0.0,0.0014187061661726083,0.0032563716374132807,2.680828066020643E-4,0.0014887244205105512,0.0011733291745291653,1.4149083580289568,10.215553154499474,6.621235993504221,0.6204636875363528,8.802556593940183E-4,0.6204636875363528,0.0014644543031279585
Track_205,205,205,7,0,0,0,0,0,7200.6123594,0.0,7200.6123594,9.69011596346486,1159.8862965202868,5721.9286713820575,0.0,0.001552165101005044,0.0032465275112272163,1.5548691770434688E-4,0.001918099402671736,0.001331352998550432,1.514085326875959,11.176539210126268,9.69011596346486,0.8670050523945135,0.0013457349847218135,0.8670050523945135,9.49418793426792E-4
Track_220,220,220,7,0,0,0,0,0,7200.6123594,0.0,7200.6123594,7.44024832329798,997.1806635700716,6660.411260303758,0.0,0.0024297768964784876,0.005124079873073298,2.843297599757769E-4,0.002986572598307784,0.0017514087162569956,1.4890443256923132,17.495881551367575,10.968637813515818,0.4252571270246402,0.0010332799423072884,0.42525712702464025,0.0014168571412080673
Track_229,229,229,7,0,0,0,0,0,7200.6123594,0.0,7200.6123594,2.1034722268395116,989.8839594637751,6753.254028311022,0.0,0.0018179932748822354,0.004014325094695974,1.3756343833197082E-4,0.0016666898085941973,0.0013146069732633372,1.6646394559315272,13.09066484442311,3.8577717093589725,0.16068490423048556,2.921240752661189E-4,0.16068490423048562,0.0014126705035183702
Track_234,234,234,7,0,0,0,0,0,7200.6123594,0.0,7200.6123594,7.00669547964119,1063.5366032881846,6869.949980513583,0.0,0.0011018639680709604,0.002962538130946687,3.2811669495711685E-4,6.677307004581504E-4,0.0010000626752521555,1.6593102387019567,7.934095306869285,7.00669547964119,0.8831120888571684,9.730693904795942E-4,0.8831120888571684,4.6767345052829603E-4
Track_247,247,247,7,0,0,0,0,0,7200.6123594,0.0,7200.6123594,11.465429152689458,976.944764204942,1365.4386917029183,0.0,0.0024656659089054896,0.0036403883720093643,8.377565134173453E-4,0.0034012721520282297,0.0012352897655350538,1.4807786430631364,17.754304417816105,11.465429152689458,0.6457830666226563,0.0015922852919199263,0.6457830666226564,4.88464627951173E-4
Track_248,248,248,7,0,0,0,0,0,7200.6123594,0.0,7200.6123594,8.687028826692679,1273.6093041709887,1335.44829981619,0.0,0.003267730028584751,0.007166704834785985,6.320057765540736E-4,0.0030880170418567865,0.002499712776340581,1.540631583758763,23.529657231009878,15.224266262317105,0.36919487357614333,0.0012064291747843146,0.3691948735761434,7.990339527788329E-4
Track_254,254,254,7,0,0,0,0,0,7200.6123594,0.0,7200.6123594,17.38673540943488,1034.4287035931725,1391.0156574702037,0.0,0.0032647836680530515,0.007386651010076051,5.22272931015181E-4,0.0021103530230622497,0.003215606744456462,1.4348719120025635,23.508441630950074,19.319121510443342,0.7395954050201416,0.002414618999276841,0.7395954050201418,0.001066341940283764
Track_255,255,255,7,0,0,0,0,0,7200.6123594,0.0,7200.6123594,13.851416704188175,1011.7362188349286,1401.7856570924084,0.0,0.0028653941741146206,0.00785228996789857,6.531623979890163E-4,0.0024765050127037143,0.0027295073349740146,1.4612441403525216,20.632592704682494,13.851416704188175,0.6713367002608763,0.0019236442697968485,0.6713367002608763,5.681666075808877E-4
Track_258,258,258,6,0,0,0,0,0,6000.510299500001,0.0,6000.510299500001,4.12601393288788,1091.2808276504163,1653.0394078883662,0.0,0.001472766062622976,0.0029739299298851027,5.874481058990022E-4,0.00108352899909511,0.0010019805261679488,1.4545929034550984,8.83734792752323,4.12601393288788,0.46688372651230947,6.876105075982763E-4,0.4668837265123094,0.0010184622755727705
Track_259,259,259,7,0,0,0,0,0,7200.6123594,0.0,7200.6123594,6.670629854287351,964.9760910092701,1742.4147544139669,0.0,0.0027655877391293,0.0057955189591574,9.107532547399824E-4,0.0031728171981202633,0.0018077196699031164,1.4455889974321638,19.91392525537954,11.814139006387425,0.3349731290412145,9.263975786141597E-4,0.33497312904121446,6.837688964582208E-4
Track_260,260,260,7,0,0,0,0,0,7200.6123594,0.0,7200.6123594,11.274749746675484,1219.4955111916563,1748.1104932352769,0.0,0.0023073712331795376,0.0059552038583527405,7.318515293221199E-4,0.0017096705858698803,0.00198954557479591,1.3836432695388794,16.6144858193566,12.89213211587613,0.6786096102679211,0.0015658042932913787,0.6786096102679211,7.95207425109799E-4
Track_261,261,261,7,0,0,0,0,0,7200.6123594,0.0,7200.6123594,11.444074456555937,1320.7361725712108,1777.38511625783,0.0,0.0018045557453227204,0.008284034814108889,1.6533643976096994E-4,4.311953211267146E-4,0.003198388862020166,1.4651716096060616,12.993906402997057,11.444074456555937,0.8807262497993944,0.0015893196141320304,0.8807262497993943,0.0015910491571655694
Track_262,262,262,7,0,0,0,0,0,7200.6123594,0.0,7200.6123594,18.75982205634088,1091.7249294546632,1703.5271876848112,0.0,0.0028296133234399622,0.0069280683267262805,7.021570828846429E-4,0.002481901407129922,0.0022339717140968697,1.616585101400103,20.374948669084702,18.75982205634088,0.9207297824904715,0.002605309259823017,0.9207297824904717,4.445319102225581E-4
Track_264,264,264,7,0,0,0,0,0,7200.6123594,0.0,7200.6123594,10.521534896400057,1034.8475281427206,1722.8740820422008,0.0,0.0021023920119365566,0.008247827286128702,6.537918367416119E-4,9.744449562349111E-4,0.0030160752508326194,1.5365581171853202,15.138509905454203,11.052592649579172,0.6950178691371262,0.001461200016227061,0.6950178691371262,0.0015755732937340363
Track_265,265,265,7,0,0,0,0,0,7200.6123594,0.0,7200.6123594,8.545550512903544,1011.9971983264301,1784.2309851786038,0.0,0.0018712519108245317,0.0041744625219330145,1.4515035214700497E-4,0.00160133506514799,0.0018317266365436454,1.6149778876985823,13.474159636633988,10.212284968161654,0.6342176984210296,0.001186781080049088,0.6342176984210295,0.0012567746973593185
Track_266,266,266,7,0,0,0,0,0,7200.6123594,0.0,7200.6123594,18.744680886710047,1118.2716339455276,1786.9331522927694,0.0,0.003278568595295867,0.01038864050807102,9.79229337227247E-4,0.0024915942756556213,0.0035488275354723774,1.584215453692845,23.607701548428114,18.744680886710047,0.7940070255572227,0.0026032064984361928,0.7940070255572226,0.0014134229865998438
Track_267,267,267,7,0,0,0,0,0,7200.6123594,0.0,7200.6123594,9.991677105787206,1216.1638055039125,1863.6194790264515,0.0,0.0029514319938916006,0.006925997362738215,5.008486700163045E-4,0.003030556700961867,0.002602823072989934,1.4739897762026106,21.252117693144445,14.383409083689207,0.4701497163743989,0.0013876149148264628,0.47014971637439895,7.044027751244085E-4
Track_269,269,269,7,0,0,0,0,0,7200.6123594,0.0,7200.6123594,2.2932683079916174,1279.6416444984548,1881.7360975507047,0.0,0.003301286111412579,0.007434684530865788,6.261247408675698E-4,0.0029940471715528922,0.0026845834462099856,1.4922112907682146,23.771281575752983,9.943484679615926,0.09647222008975657,3.18482400319451E-4,0.09647222008975659,0.0010702726981294411
Track_271,271,271,7,0,0,0,0,0,7200.6123594,0.0,7200.6123594,16.450653079912055,1293.6171793426838,1840.0025095534113,0.0,0.002541076447124672,0.00606373053216116,4.4820955392115393E-4,0.0014233237591656416,0.002702113293348835,1.5308061156954085,18.297306471346158,16.450653079912055,0.8990751237442522,0.0022846186211422197,0.8990751237442524,8.175916204927513E-4
Track_272,272,272,7,0,0,0,0,0,7200.6123594,0.0,7200.6123594,5.9060042020291075,1255.0647648032866,1847.6039251979942,0.0,0.002389479572423855,0.00457457893827297,9.88436543341063E-4,0.0030185124894001438,0.0014939935191869795,1.5310252734592982,17.205716141729045,5.9060042020291075,0.34325826099764994,8.20208602719621E-4,0.34325826099765006,0.0014204037693252357
Track_273,273,273,7,0,0,0,0,0,7200.6123594,0.0,7200.6123594,16.36147150667358,1060.8797260417468,1844.7469789075712,0.0,0.0035936572787219046,0.007249601502330357,0.001159631152386916,0.0037492862313154894,0.002191354914520141,1.4465271915708269,25.87653301661272,18.092274553577365,0.6322899399301106,0.002272233344892478,0.6322899399301107,9.483018882268015E-4
Track_274,274,274,7,0,0,0,0,0,7200.6123594,0.0,7200.6123594,9.299716054785915,1035.0982369727433,1921.577276383059,0.0,0.0017042627939350785,0.004117830421223506,5.235725678853822E-4,0.0013159992927738039,0.0015021845854797087,1.3994104181017195,12.271735737674502,9.299716054785915,0.7578158667673701,0.0012915173863852914,0.7578158667673701,0.0012258868342805676
Track_275,275,275,7,0,0,0,0,0,7200.6123594,0.0,7200.6123594,16.93202691052735,1082.8071754674295,1924.6564480692593,0.0,0.003481901690766274,0.0075262748033052915,1.7828756733038827E-4,0.004472582866567365,0.0031061590306876398,1.6491600785936629,25.07182434874739,17.0151648296331,0.6753408397811023,0.0023514704118773357,0.6753408397811024,0.0013513175154680817
Track_276,276,276,7,0,0,0,0,0,7200.6123594,0.0,7200.6123594,8.866093708202069,1218.5409200375905,1934.6890455709417,0.0,0.0024897139207279064,0.006725662610754314,6.776846417179794E-4,0.001997654826590666,0.0024222832862334327,1.6264043024608068,17.927464828963593,12.012690992980051,0.49455368022131146,0.0012312971821942164,0.4945536802213114,0.0011607908315023861
Track_277,277,277,7,0,0,0,0,0,7200.6123594,0.0,7200.6123594,12.974533245062073,1101.6187668446914,1904.125263226735,0.0,0.002332959895645439,0.00414743059594451,5.275998954551739E-4,0.003922979826679519,0.0018475194411974366,1.5035669803619385,16.798739858569082,13.122525046086343,0.772351578409837,0.0018018652577686035,0.7723515784098371,0.0011625678114285407
Track_278,278,278,7,0,0,0,0,0,7200.6123594,0.0,7200.6123594,13.667877190630527,1029.8814442237972,1904.8713078589765,0.0,0.001960963488832823,0.004547614496312173,5.066748561760574E-4,0.0011683641911709585,0.0018513851820136321,1.4296300581523351,14.12013793402177,13.667877190630527,0.9679705151957798,0.0018981548385656217,0.9679705151957798,5.397323119821931E-4
Track_282,282,282,7,0,0,0,0,0,7200.6123594,0.0,7200.6123594,6.989331846756584,1041.4265749706103,1977.7569011638031,0.0,0.0022252095492824395,0.008153622378712231,1.7963901279189362E-4,0.0010803786084462059,0.003048397158024396,1.3880239043916975,16.022871382818035,7.877262080029301,0.43620969548888244,9.706579798914462E-4,0.4362096954888824,0.0018651053031248997
Track_283,283,283,7,0,0,0,0,0,7200.6123594,0.0,7200.6123594,6.277627432799118,1137.9108721607477,1989.2084783857497,0.0,0.0012806070413602646,0.002585130535280054,2.6400409072887556E-4,0.0014003840022723541,9.142087775858921E-4,1.588094643184117,9.22115488955339,6.575694367695189,0.680785379704555,8.718185509047746E-4,0.6807853797045551,0.0014487700191703533
Track_284,284,284,7,0,0,0,0,0,7200.6123594,0.0,7200.6123594,9.046729855999248,987.0632860310301,1959.7733756192845,0.0,0.002201197954293977,0.005020634762233545,0.0012874716590562997,0.002031340078450887,0.0014224042165197715,1.4691547666277205,15.849973195175206,9.58470454006622,0.5707725650131136,0.0012563834024739914,0.5707725650131135,0.0017466488882457321
Track_286,286,286,7,0,0,0,0,0,7200.6123594,0.0,7200.6123594,9.835079066624022,1234.0084534188331,1960.7098254626255,0.0,0.0029544872854975084,0.005761506632083614,4.014963597986651E-4,0.003089391779820603,0.001984063550786466,1.5455516406467982,21.274117663643516,11.782256920404887,0.46230256042212825,0.0013658670368201216,0.46230256042212825,0.001495161743404965
Track_288,288,288,7,0,0,0,0,0,7200.6123594,0.0,7200.6123594,19.51316969739364,1059.6718937917333,2021.4118772336526,0.0,0.002955245866083938,0.004655283849165757,0.0012877858714648997,0.0033411154691016707,0.0013620641760705302,1.581790566444397,21.279579908389763,19.51316969739364,0.9169903626575028,0.0027099319784823963,0.9169903626575028,3.2091755986050837E-4
Track_290,290,290,7,0,0,0,0,0,7200.6123594,0.0,7200.6123594,17.284729719252894,1246.3021114867302,1995.7012515506526,0.0,0.0026020007666613314,0.006075408835277179,7.03410521612581E-4,0.0018061728505676773,0.0023377000772525467,1.4951267072132655,18.735998879589857,17.284729719252894,0.9225411375361519,0.002400452747145684,0.9225411375361519,6.387343953798138E-4
Track_291,291,291,7,0,0,0,0,0,7200.6123594,0.0,7200.6123594,23.151823814619906,1072.4371639896058,1998.3692106778965,0.0,0.0036364382401845342,0.008897607208012352,3.3963643834754206E-4,0.00394702210139137,0.0034773477404704176,1.53242370060512,26.184582136467547,24.575413667636493,0.8841777078571789,0.003215257627970555,0.8841777078571789,5.713069118699123E-4
Track_292,292,292,7,0,0,0,0,0,7200.6123594,0.0,7200.6123594,34.96274426889808,993.9299974475322,2010.1555538506927,0.0,0.00506826162826883,0.00984493731398584,6.650822875707647E-4,0.007514876020958595,0.00413793656918644,1.4841678823743547,36.494587321185314,35.57991517068203,0.9580254726870691,0.004855523742123981,0.9580254726870692,4.697261321989279E-4
Track_293,293,293,7,0,0,0,0,0,7200.6123594,0.0,7200.6123594,12.328544934383116,1066.757031342999,2064.911383981239,0.0,0.0022184175682074146,0.005452413312632786,4.7293113996148674E-4,0.0013406989137368921,0.002003900327128254,1.5462543794087,15.973964959944402,12.328544934383116,0.7717899072207571,0.0017121522891436981,0.7717899072207571,5.185605897667183E-4
Track_295,295,295,7,0,0,0,0,0,7200.6123594,0.0,7200.6123594,5.733770761333742,1191.2444590431628,2044.2836973269275,0.0,0.0032711762321685155,0.004852984270461576,0.001872833437669933,0.003188137974476832,0.0011927604599287016,1.5315968138831002,23.55447200712814,10.677697587762525,0.2434259939937761,7.962893258444362E-4,0.2434259939937761,0.0013292237989703112
Track_296,296,296,7,0,0,0,0,0,7200.6123594,0.0,7200.6123594,13.636418715899506,1014.2286447909263,2061.4190119999007,0.0,0.002268304944964058,0.004450908666123644,7.581950019498585E-4,0.0022392089262296138,0.0016275706671182576,1.4700861658368791,16.333184621596335,14.545153541614024,0.834890380034579,0.0018937859775353574,0.834890380034579,7.216912957580003E-4
Track_297,297,297,7,0,0,0,0,0,7200.6123594,0.0,7200.6123594,1.6485887380037834,1188.5469379124029,2129.7283247399764,0.0,0.0017037161231403999,0.0035295595780813114,6.628738334887995E-4,0.001300966902042148,0.0011495351928232846,1.6346692528043474,12.267799373193817,5.380072157175547,0.1343834120409639,2.2895118577680998E-4,0.1343834120409639,9.953557934196783E-4
Track_298,298,298,7,0,0,0,0,0,7200.6123594,0.0,7200.6123594,3.6597219837340744,1209.9221730685015,2148.0900250013524,0.0,0.0011737470963695449,0.0017678574501553952,3.5767235335652385E-4,0.0015137069775420435,5.621192480209535E-4,1.6303496190479823,8.451697848928408,3.6597219837340744,0.4330161878891697,5.082514932159221E-4,0.4330161878891696,0.0010634642461831137
Track_299,299,299,7,0,0,0,0,0,7200.6123594,0.0,7200.6123594,7.369777783975136,1020.2994024964776,2171.657901282528,0.0,0.0013504942831291658,0.0028148635253380607,5.845107251828231E-4,0.0011822445719574884,8.201514688635598E-4,1.5725475890295846,9.724385826398915,7.369777783975136,0.7578656293098024,0.0010234931997629758,0.7578656293098025,3.7710560428335754E-4
Track_300,300,300,7,0,0,0,0,0,7200.6123594,0.0,7200.6123594,4.92959790956993,1328.3813994815323,2096.086952267894,0.0,0.002357216140488713,0.005405282475980437,4.3695245676349676E-4,0.0025083485446378614,0.0020825199277389773,1.5327808346067155,16.973399674980197,7.848557236694603,0.29043079194302196,6.846081504630107E-4,0.29043079194302196,0.0019597022612153595
Track_301,301,301,7,0,0,0,0,0,7200.6123594,0.0,7200.6123594,3.15009907465022,1297.0501396739448,2101.6963073526977,0.0,0.001753457172648366,0.0037510628849850365,3.2238609787347677E-4,0.0019185597809818881,0.0015348492228002444,1.433193257876805,12.625965389050403,6.198720306560055,0.24949372009066934,4.3747655302370784E-4,0.2494937200906693,0.0016145468063239459
Track_303,303,303,7,0,0,0,0,0,7200.6123594,0.0,7200.6123594,2.9797509865286407,1067.6711886959308,2187.7958020859433,0.0,0.0013103043680359368,0.0034485831740755503,2.6488431791056523E-4,0.001174952743561477,0.0011792863388742907,1.5889099495751517,9.434993827055374,4.1386517709445485,0.3158190711247778,4.138191084038486E-4,0.31581907112477786,0.0019766355793377098
Track_304,304,304,7,0,0,0,0,0,7200.6123594,0.0,7200.6123594,11.31488228852073,1266.0688266566838,2199.4003924396025,0.0,0.001673808432397898,0.0035115992185320542,2.0680140811970218E-4,0.001853757986668552,0.001364573238618397,1.394936306135995,12.052445685592247,11.31488228852073,0.938803839792183,0.0015713777834116816,0.9388038397921832,6.833457680951273E-4
Track_306,306,306,7,0,0,0,0,0,7200.6123594,0.0,7200.6123594,11.2711997956713,996.2003268891286,2180.801338681452,0.0,0.0017574965144537271,0.0058991972299583546,2.5233985955136E-4,8.731868413854682E-4,0.002166790727655771,1.5300070217677526,12.655051123577929,11.625497416031804,0.8906483020579552,0.0015653112864709867,0.8906483020579553,0.001146590072024242
Track_307,307,307,7,0,0,0,0,0,7200.6123594,0.0,7200.6123594,12.200960654676923,1117.871767231137,2183.966508030156,0.0,0.0019124196703734276,0.0035561326787736883,9.881112904582229E-4,0.0014788654703708937,0.0010564645207894146,1.5290136337280273,13.770592714850576,12.200960654676923,0.8860156499668369,0.0016944337572552765,0.8860156499668369,7.064750272634577E-4
Track_308,308,308,7,0,0,0,0,0,7200.6123594,0.0,7200.6123594,9.73102328777739,1344.3647941263516,2290.428309885682,0.0,0.001709848237444404,0.004665256375105947,2.664633033792238E-4,0.0016916479332979154,0.0015697601554303462,1.5271606275013514,12.31195435124048,9.73102328777739,0.7903719434109946,0.0013514160743667973,0.7903719434109946,0.001022563552729995
Track_311,311,311,7,0,0,0,0,0,7200.6123594,0.0,7200.6123594,3.5524716959418625,1208.2926472136355,2231.793855112727,0.0,6.706860295909805E-4,0.0017211357010135048,1.5915305319550354E-4,5.62647375916905E-4,6.15045207585646E-4,1.5241366113935197,4.8293501139497295,3.5524716959418625,0.7356003628066717,4.933568866964915E-4,0.735600362806672,0.0011540842932153087
Track_312,312,312,7,0,0,0,0,0,7200.6123594,0.0,7200.6123594,8.021032655173057,1223.5628809515988,2259.8183779289416,0.0,0.001970569497390667,0.004622017485775647,3.1357668498918347E-4,0.0016948399243563884,0.0018430671274216463,1.5104638167790003,14.189307077967882,8.116590281565571,0.565287128617262,0.0011139375729207314,0.565287128617262,0.0013722042497687813
Track_313,313,313,7,0,0,0,0,0,7200.6123594,0.0,7200.6123594,9.6754020521444,1207.3517501973927,2320.9231942958572,0.0,0.002986857847864931,0.0064330254612998475,0.0011097167757792934,0.0016072873366558623,0.0026218869681312205,1.4223579849515642,21.5072055351071,9.6754020521444,0.449867930836056,0.0013436915597204314,0.44986793083605586,0.0012012892525613743
Track_317,317,317,6,0,0,0,0,0,6000.5102995,1200.1020599,7200.6123594,3.1317558619062162,1182.3874884104562,2366.7952422768208,0.0,0.0016204239908732213,0.003066694809583633,4.0905488570152905E-4,0.0011830064946898558,0.0012685090386318236,1.4873359600702922,9.72337084679166,3.451650845772722,0.32208540754563275,5.219149214971223E-4,0.3220854075456328,0.0013592579910310949
Track_318,318,318,7,0,0,0,0,0,7200.6123594,0.0,7200.6123594,6.291728911826337,1135.848429422542,2375.3642857037216,0.0,0.0010525929471797576,0.0031082642075059477,2.3952017472181098E-4,8.935955234372092E-4,0.0010706617248579737,1.468624302319118,7.579313784879833,6.475710797833031,0.830118542443495,8.737769230991631E-4,0.830118542443495,0.0011203421942293816
Track_320,320,320,7,0,0,0,0,0,7200.6123594,0.0,7200.6123594,16.646992712287748,1160.1245567262238,2361.857404943967,0.0,0.0031908099451115396,0.009715778170694125,6.159437101307644E-4,0.0024161156258776986,0.003396308039019326,1.390988094466073,22.975785527266588,19.000206039352253,0.7245450952060758,0.002311885695465334,0.7245450952060758,6.387812389864388E-4
Track_321,321,321,7,0,0,0,0,0,7200.6123594,0.0,7200.6123594,10.800380335938105,1326.7252011702353,2363.31200411398,0.0,0.001999640836773448,0.004193990797367755,4.922873600916655E-4,0.0016453889133301366,0.0016925794879861528,1.4553411858422416,14.398638523631845,11.54905926268574,0.7500973316478443,0.0014999252559178258,0.7500973316478443,0.001341475994007504
