TREATMENT,TR,LABEL,TRACK_INDEX,TRACK_ID,NUMBER_SPOTS,NUMBER_GAPS,NUMBER_SPLITS,NUMBER_MERGES,NUMBER_COMPLEX,LONGEST_GAP,TRACK_DURATION,TRACK_START,TRACK_STOP,TRACK_DISPLACEMENT,TRACK_X_LOCATION,TRACK_Y_LOCATION,TRACK_Z_LOCATION,TRACK_MEAN_SPEED,TRACK_MAX_SPEED,TRACK_MIN_SPEED,TRACK_MEDIAN_SPEED,TRACK_STD_SPEED,TRACK_MEAN_QUALITY,TOTAL_DISTANCE_TRAVELED,MAX_DISTANCE_TRAVELED,CONFINMENT_RATIO,MEAN_STRAIGHT_LINE_SPEED,LINEARITY_OF_FORWARD_PROGRESSION,MEAN_DIRECTIONAL_CHANGE_RATE
Control,CTR7,Track_506,0,0,15,0,0,0,0,0,25206.93764,0,25206.93764,27.07174923,321.0590899,610.4976115,0,0.003303802,0.012059922,2.16E-04,0.003698725,0.003108035,1.341293327,83.2787277,47.27553819,0.325074001,0.00107398,0.325074001,6.17E-04
Control,CTR7,Track_507,1,1,15,0,0,0,0,0,25206.93764,0,25206.93764,37.21343784,535.0253452,621.4915876,0,0.002167451,0.0066612,4.48E-04,0.001281214,0.00215668,1.422529872,54.63479279,39.19212648,0.681130758,0.001476317,0.681130758,5.26E-04
Control,CTR7,Track_508,2,2,15,0,0,0,0,0,25206.93764,0,25206.93764,18.84652266,570.1463088,621.5021848,0,0.001702168,0.004548646,2.08E-04,0.001562352,0.001096145,1.418423223,42.90643171,18.84652266,0.439247029,7.48E-04,0.439247029,9.33E-04
Control,CTR7,Track_510,4,4,15,0,0,0,0,0,25206.93764,0,25206.93764,2.577651103,565.3769306,647.870662,0,0.001368493,0.003258773,3.62E-04,0.001102754,8.93E-04,1.211958011,34.49551434,7.31461503,0.07472424,1.02E-04,0.07472424,8.36E-04
Control,CTR7,Track_511,5,5,15,0,0,0,0,0,25206.93764,0,25206.93764,15.2927158,306.4242133,666.0852921,0,0.00126582,0.00312635,4.76E-04,0.001118175,7.33E-04,1.313468719,31.90745117,15.2927158,0.479283529,6.07E-04,0.479283529,8.47E-04
Control,CTR7,Track_512,6,6,15,0,0,0,0,0,25206.93764,0,25206.93764,10.61822019,572.7947044,659.8006281,0,0.001998539,0.003914608,5.64E-04,0.002116912,9.67E-04,1.134795952,50.37704128,11.38892694,0.210774986,4.21E-04,0.210774986,5.37E-04
Control,CTR7,Track_513,7,7,15,0,0,0,0,0,25206.93764,0,25206.93764,27.12536497,326.6821669,675.6987601,0,0.001871401,0.012850795,1.11E-04,0.001150282,0.003257228,1.495153308,47.1722969,28.71718579,0.575027437,0.001076107,0.575027437,8.67E-04
Control,CTR7,Track_514,8,8,15,0,0,0,0,0,25206.93764,0,25206.93764,13.6963486,336.2183392,118.1209419,0,9.21E-04,0.002247766,2.17E-04,9.00E-04,6.11E-04,1.452204029,23.21275627,15.60475791,0.590035429,5.43E-04,0.590035429,3.57E-04
Control,CTR7,Track_515,9,9,15,0,0,0,0,0,25206.93764,0,25206.93764,25.96929113,561.194169,674.0993762,0,0.001803075,0.003490624,7.55E-04,0.001731414,9.05E-04,1.366805657,45.44999085,25.96929113,0.571381658,0.001030244,0.571381658,5.61E-04
Control,CTR7,Track_516,10,10,15,0,0,0,0,0,25206.93764,0,25206.93764,12.34726423,543.5122757,135.3791745,0,0.001511651,0.003029609,3.59E-04,0.001553988,8.86E-04,1.539780132,38.10409938,12.34726423,0.324040311,4.90E-04,0.324040311,7.19E-04
Control,CTR7,Track_517,11,11,15,0,0,0,0,0,25206.93764,0,25206.93764,7.480245974,594.4274935,696.3899552,0,6.84E-04,0.001936035,1.20E-04,5.35E-04,5.28E-04,1.495586936,17.25286543,7.480245974,0.433565427,2.97E-04,0.433565427,8.65E-04
Control,CTR7,Track_518,12,12,15,0,0,0,0,0,25206.93764,0,25206.93764,7.523895732,312.1768696,145.5928253,0,0.001159051,0.004174072,2.29E-04,9.45E-04,0.001020005,1.441239119,29.21612383,9.241351306,0.25752546,2.98E-04,0.25752546,9.27E-04
Control,CTR7,Track_519,13,13,15,0,0,0,0,0,25206.93764,0,25206.93764,16.53939125,519.992803,155.3084908,0,0.00154792,0.004879222,2.40E-04,9.73E-04,0.001442799,1.391497143,39.01833182,17.59029269,0.423887708,6.56E-04,0.423887708,6.82E-04
Control,CTR7,Track_520,14,14,15,0,0,0,0,0,25206.93764,0,25206.93764,14.84097245,563.0650992,699.6771498,0,0.001818376,0.004144982,2.57E-04,0.001628815,0.001144927,1.258837247,45.83568258,17.30092972,0.323786439,5.89E-04,0.323786439,8.35E-04
Control,CTR7,Track_521,15,15,15,0,0,0,0,0,25206.93764,0,25206.93764,45.35554749,354.0607566,161.2685467,0,0.002551733,0.009548102,3.69E-04,0.001553855,0.002729872,1.36572063,64.32138455,51.96874606,0.705139477,0.001799328,0.705139477,4.54E-04
Control,CTR7,Track_523,17,17,13,1,0,0,0,1,23406.4421,1800.495546,25206.93764,7.884486969,319.428173,170.7816983,0,0.001522433,0.003350848,5.22E-04,0.001712773,8.60E-04,1.163684506,36.23122968,10.75461974,0.217615771,3.37E-04,0.221258463,7.97E-04
Control,CTR7,Track_524,18,18,15,0,0,0,0,0,25206.93764,0,25206.93764,83.18050519,473.7371515,205.2542312,0,0.003596853,0.014686178,2.57E-04,0.001543797,0.004344382,1.335182015,90.66564695,83.85586545,0.917442361,0.003299905,0.917442361,3.40E-04
Control,CTR7,Track_525,19,19,15,0,0,0,0,0,25206.93764,0,25206.93764,10.20927194,321.1540889,188.1566432,0,9.86E-04,0.00206546,1.76E-04,8.16E-04,6.45E-04,1.273593577,24.85743567,11.43195686,0.410712999,4.05E-04,0.410712999,7.62E-04
Control,CTR7,Track_526,20,20,15,0,0,0,0,0,25206.93764,0,25206.93764,27.73233941,505.4375959,173.6890861,0,0.0025969,0.010952198,5.19E-04,0.001759914,0.002708828,1.314791385,65.45990309,41.73063528,0.423653842,0.001100187,0.423653842,5.21E-04
Control,CTR7,Track_527,21,21,15,0,0,0,0,0,25206.93764,0,25206.93764,9.506232791,542.6550918,206.5147494,0,6.73E-04,0.00155442,1.50E-04,6.22E-04,3.72E-04,1.284320815,16.96021578,9.506232791,0.560501878,3.77E-04,0.560501878,4.13E-04
Control,CTR7,Track_528,22,22,15,0,0,0,0,0,25206.93764,0,25206.93764,24.85698304,339.8515133,217.2704677,0,0.001873548,0.007720143,1.27E-04,0.001572452,0.002032992,1.542342941,47.22640298,29.53942795,0.526336572,9.86E-04,0.526336572,9.31E-04
Control,CTR7,Track_529,23,23,15,0,0,0,0,0,25206.93764,0,25206.93764,14.12791892,530.0989676,221.1954977,0,0.001628034,0.008155027,2.36E-04,0.001080884,0.001979545,1.478068089,41.03776401,25.01089802,0.344266294,5.60E-04,0.344266294,2.86E-04
Control,CTR7,Track_530,24,24,15,0,0,0,0,0,25206.93764,0,25206.93764,3.416722973,539.6573674,247.2147302,0,8.51E-04,0.00213088,2.11E-04,9.33E-04,5.83E-04,1.398918287,21.4489565,6.430113125,0.159295534,1.36E-04,0.159295534,6.77E-04
Control,CTR7,Track_531,25,25,15,0,0,0,0,0,25206.93764,0,25206.93764,4.272546211,316.1322817,243.642765,0,0.001260365,0.002509806,4.50E-04,0.001286568,6.81E-04,1.468897192,31.76995027,9.194491858,0.134483881,1.69E-04,0.134483881,5.52E-04
Control,CTR7,Track_532,26,26,15,0,0,0,0,0,25206.93764,0,25206.93764,7.960875394,561.1569516,248.624251,0,9.45E-04,0.0040403,6.39E-05,7.33E-04,9.68E-04,1.458930198,23.80805845,8.066738923,0.334377346,3.16E-04,0.334377346,6.83E-04
Control,CTR7,Track_533,27,27,15,0,0,0,0,0,25206.93764,0,25206.93764,25.51269154,341.498744,273.5559269,0,0.001889881,0.005936504,1.42E-04,0.001097328,0.001721676,1.380828047,47.63811542,32.92629692,0.535552075,0.00101213,0.535552075,5.33E-04
Control,CTR7,Track_534,28,28,15,0,0,0,0,0,25206.93764,0,25206.93764,11.95697589,566.9046426,278.3141138,0,0.001443883,0.003322502,2.58E-04,0.001458359,9.39E-04,1.558816449,36.39586825,18.72879127,0.328525639,4.74E-04,0.328525639,8.86E-04
Control,CTR7,Track_535,29,29,15,0,0,0,0,0,25206.93764,0,25206.93764,23.18555112,533.7155547,282.3827651,0,0.001518032,0.004090463,3.48E-04,0.001340286,0.001175397,1.55140144,38.26494077,26.12234535,0.605921521,9.20E-04,0.605921521,8.30E-04
Control,CTR7,Track_536,30,30,15,0,0,0,0,0,25206.93764,0,25206.93764,14.67794241,300.3480302,277.9275398,0,0.001393308,0.003276385,4.84E-04,0.001143082,7.44E-04,1.502587589,35.12102576,17.16292469,0.41792465,5.82E-04,0.41792465,7.55E-04
Control,CTR7,Track_537,31,31,15,0,0,0,0,0,25206.93764,0,25206.93764,15.74858778,339.087595,291.8366089,0,0.001362738,0.003865938,1.74E-04,0.001328391,9.84E-04,1.416520365,34.35044339,20.74790389,0.458468253,6.25E-04,0.458468253,5.61E-04
Control,CTR7,Track_538,32,32,15,0,0,0,0,0,25206.93764,0,25206.93764,9.50880516,308.4990123,298.738787,0,7.79E-04,0.002680281,1.26E-04,4.98E-04,8.55E-04,1.183135017,19.62657205,10.59886746,0.484486294,3.77E-04,0.484486294,7.50E-04
Control,CTR7,Track_539,33,33,15,0,0,0,0,0,25206.93764,0,25206.93764,45.27899461,549.686475,311.0283823,0,0.00228019,0.006140713,5.33E-04,0.001613278,0.001675896,1.439260999,57.47661099,46.46940836,0.787781218,0.001796291,0.787781218,4.89E-04
Control,CTR7,Track_540,34,34,15,0,0,0,0,0,25206.93764,0,25206.93764,39.21349001,358.8086413,314.5278495,0,0.001839024,0.005457723,2.78E-04,0.001236088,0.00166634,1.464980141,46.35615379,39.99848526,0.845917679,0.001555663,0.845917679,6.11E-04
Control,CTR7,Track_541,35,35,15,0,0,0,0,0,25206.93764,0,25206.93764,16.0072233,320.3943372,310.8157952,0,0.001486079,0.003338099,1.28E-04,0.001563597,0.001081593,1.387561599,37.45949802,16.0072233,0.427320817,6.35E-04,0.427320817,5.88E-04
Control,CTR7,Track_543,37,37,15,0,0,0,0,0,25206.93764,0,25206.93764,23.0796158,339.5706073,332.7677167,0,0.001246769,0.003274682,1.00E-04,0.001213915,7.72E-04,1.426724815,31.42722293,23.0796158,0.734382922,9.16E-04,0.734382922,4.59E-04
Control,CTR7,Track_544,38,38,14,0,0,0,0,0,23406.4421,1800.495546,25206.93764,21.96069496,582.8033991,346.324999,0,0.002797552,0.014827769,8.56E-04,0.001583264,0.003725937,1.351611946,65.48073455,26.69733256,0.33537643,9.38E-04,0.33537643,4.67E-04
Control,CTR7,Track_547,41,41,13,0,0,0,0,0,21605.94655,3600.991092,25206.93764,3.70438493,559.1533722,369.8967102,0,0.00143786,0.002872581,2.83E-04,0.00143446,7.67E-04,1.416611736,31.06632306,11.64137253,0.119241177,1.71E-04,0.119241177,9.76E-04
Control,CTR7,Track_549,43,43,15,0,0,0,0,0,25206.93764,0,25206.93764,28.79403914,314.7345476,370.1085623,0,0.002785402,0.016400785,4.67E-04,0.00172324,0.004028874,1.462162519,70.21145159,33.92732757,0.410104598,0.001142306,0.410104598,7.38E-04
Control,CTR7,Track_550,44,44,15,0,0,0,0,0,25206.93764,0,25206.93764,11.79313165,599.7351442,385.3713513,0,7.41E-04,0.001589327,1.99E-04,6.72E-04,4.19E-04,1.486037532,18.67698253,12.51664571,0.631425961,4.68E-04,0.631425961,6.72E-04
Control,CTR7,Track_551,45,45,13,0,0,0,0,0,21605.94655,3600.991092,25206.93764,11.648475,357.5052215,400.4732923,0,9.26E-04,0.00399965,1.44E-04,6.72E-04,0.001099707,1.220198136,20.00367861,11.90962995,0.582316644,5.39E-04,0.582316644,8.49E-04
Control,CTR7,Track_553,47,47,15,0,0,0,0,0,25206.93764,0,25206.93764,17.56472934,567.266114,400.627674,0,0.001920288,0.005461456,3.94E-04,0.001534581,0.001511372,1.491501967,48.4045678,21.36740755,0.362873384,6.97E-04,0.362873384,7.48E-04
Control,CTR7,Track_554,48,48,15,0,0,0,0,0,25206.93764,0,25206.93764,6.131037765,334.1402856,14.04049625,0,9.12E-04,0.002749678,1.32E-04,6.62E-04,8.20E-04,1.527525202,22.98593617,8.379245628,0.266729957,2.43E-04,0.266729957,6.98E-04
Control,CTR7,Track_555,49,49,15,0,0,0,0,0,25206.93764,0,25206.93764,19.63425359,344.2491351,414.1270418,0,0.002025245,0.005604985,2.35E-04,0.001383598,0.001779735,1.374567294,51.05022546,24.72841304,0.384606599,7.79E-04,0.384606599,8.34E-04
Control,CTR7,Track_556,50,50,15,0,0,0,0,0,25206.93764,0,25206.93764,15.19142173,499.4488767,22.05504826,0,0.001547364,0.007564895,8.97E-05,0.00105553,0.001879309,1.235219232,39.00430827,23.22096046,0.389480609,6.03E-04,0.389480609,7.09E-04
Control,CTR7,Track_557,51,51,15,0,0,0,0,0,25206.93764,0,25206.93764,20.84578962,321.7562065,399.80232,0,0.003661259,0.009958697,3.57E-04,0.003647603,0.00284649,1.315843336,92.28912083,29.01251872,0.225874832,8.27E-04,0.225874832,9.61E-04
Control,CTR7,Track_558,52,52,15,0,0,0,0,0,25206.93764,0,25206.93764,3.86449843,597.1782682,418.7179775,0,0.001279262,0.002571518,2.81E-04,0.001368018,7.61E-04,1.42903409,32.24626737,7.788833072,0.119843279,1.53E-04,0.119843279,7.07E-04
Control,CTR7,Track_560,54,54,15,0,0,0,0,0,25206.93764,0,25206.93764,4.098526655,525.1561813,36.90884366,0,0.001598698,0.005447679,1.66E-04,0.001198466,0.001395037,1.419685737,40.29827624,8.123788425,0.101704764,1.63E-04,0.101704764,0.001068822
Control,CTR7,Track_561,55,55,15,0,0,0,0,0,25206.93764,0,25206.93764,8.087593569,325.8555756,37.75836341,0,0.001300559,0.003096417,1.51E-04,0.001418783,9.84E-04,1.309836181,32.78311241,11.24208963,0.246699992,3.21E-04,0.246699992,0.001063748
Control,CTR7,Track_562,56,56,13,0,0,0,0,0,21605.94655,0,21605.94655,15.36721621,572.5390694,423.1038383,0,0.001329926,0.002423975,1.58E-04,0.001731571,8.29E-04,1.173951754,28.73429938,15.36721621,0.534803929,7.11E-04,0.534803929,7.72E-04
Control,CTR7,Track_563,57,57,15,0,0,0,0,0,25206.93764,0,25206.93764,15.46949202,318.9947115,430.3268283,0,0.001938805,0.006765688,4.39E-04,0.001310198,0.001804996,1.412922327,48.87133624,15.46949202,0.316535074,6.14E-04,0.316535074,8.78E-04
Control,CTR7,Track_564,58,58,15,0,0,0,0,0,25206.93764,0,25206.93764,14.67759568,334.2487472,451.0958079,0,0.001174584,0.002872746,1.34E-04,0.001143054,6.27E-04,1.487218531,29.60767505,15.37408576,0.495736178,5.82E-04,0.495736178,5.86E-04
Control,CTR7,Track_565,59,59,14,0,0,0,0,0,23406.4421,1800.495546,25206.93764,14.20909083,463.234802,58.85930047,0,0.002653864,0.010972437,1.44E-04,0.001516613,0.003257162,1.501211294,62.11751207,15.94234603,0.22874533,6.07E-04,0.22874533,8.70E-04
Control,CTR7,Track_566,60,60,15,0,0,0,0,0,25206.93764,0,25206.93764,18.69138679,550.4757627,479.9843493,0,0.001653687,0.004474847,6.14E-04,0.001625446,9.91E-04,1.349783127,41.6843831,20.23022253,0.448402625,7.42E-04,0.448402625,9.73E-04
Control,CTR7,Track_568,62,62,15,0,0,0,0,0,25206.93764,0,25206.93764,8.715305737,333.6096427,477.2478656,0,0.001153917,0.003463916,4.27E-04,9.41E-04,8.54E-04,1.446589677,29.08671166,14.09670464,0.299631868,3.46E-04,0.299631868,6.10E-04
Control,CTR7,Track_569,63,63,15,0,0,0,0,0,25206.93764,0,25206.93764,20.42619234,505.0255598,65.1576093,0,0.001442714,0.003402412,1.70E-04,8.03E-04,0.001222851,1.458587909,36.36639798,26.15886224,0.561677633,8.10E-04,0.561677633,6.20E-04
Control,CTR7,Track_570,64,64,14,0,0,0,0,0,23406.4421,0,23406.4421,46.90881703,335.2432102,487.799366,0,0.002522199,0.010168214,4.78E-04,0.001452526,0.00280321,1.374418761,59.03569395,46.90881703,0.794583986,0.002004099,0.794583986,7.02E-04
Control,CTR7,Track_571,65,65,15,0,0,0,0,0,25206.93764,0,25206.93764,25.48765599,581.7997904,500.5181366,0,0.001529314,0.004023424,1.30E-04,0.001030888,0.001209036,1.51707948,38.54932192,28.87132142,0.661170021,0.001011137,0.661170021,5.82E-04
Control,CTR7,Track_572,66,66,15,0,0,0,0,0,25206.93764,0,25206.93764,108.6391192,399.8036531,94.64414923,0,0.004489847,0.014187185,9.31E-04,0.003482075,0.00387931,1.423521606,113.1753049,108.6391192,0.959918944,0.00430989,0.959918944,2.86E-04
Control,CTR7,Track_573,67,67,15,0,0,0,0,0,25206.93764,0,25206.93764,8.147170977,305.6538366,491.4565469,0,0.001247211,0.002949214,4.43E-04,0.001056088,7.45E-04,1.330610903,31.43837853,12.49652582,0.259147302,3.23E-04,0.259147302,6.76E-04
Control,CTR7,Track_574,68,68,15,0,0,0,0,0,25206.93764,0,25206.93764,54.49566801,358.3906167,528.9426763,0,0.003345726,0.015434501,8.95E-04,0.002014516,0.003777953,1.432489316,84.33550067,54.49566801,0.646177085,0.002161931,0.646177085,4.46E-04
Control,CTR7,Track_575,69,69,15,0,0,0,0,0,25206.93764,0,25206.93764,31.20100053,327.9127502,512.8259647,0,0.003069751,0.013439403,5.43E-04,0.001588429,0.003753355,1.253922137,77.3790225,49.60851013,0.403222986,0.001237794,0.403222986,3.98E-04
Control,CTR7,Track_576,70,70,15,0,0,0,0,0,25206.93764,0,25206.93764,11.04580089,351.9582279,86.16038556,0,0.001511014,0.003142402,2.73E-04,0.001570717,7.17E-04,1.461479449,38.08803661,12.58256015,0.290007096,4.38E-04,0.290007096,9.23E-04
Control,CTR7,Track_577,71,71,15,0,0,0,0,0,25206.93764,0,25206.93764,7.679997804,590.9440764,527.4513781,0,0.00124293,0.002646637,4.47E-04,0.001246581,6.22E-04,1.430116296,31.33046701,14.09211772,0.245128737,3.05E-04,0.245128737,5.62E-04
Control,CTR7,Track_578,72,72,15,0,0,0,0,0,25206.93764,0,25206.93764,10.221293,289.5821668,532.8764315,0,0.001164917,0.002177033,2.85E-04,0.001119855,4.42E-04,1.537400436,29.36398646,12.8076309,0.348089419,4.05E-04,0.348089419,8.86E-04
Control,CTR7,Track_580,74,74,15,0,0,0,0,0,25206.93764,0,25206.93764,11.53165892,559.2896894,559.1161009,0,0.001446615,0.002571205,6.60E-04,0.001469936,5.44E-04,1.268916599,36.46474243,13.09620559,0.316241338,4.57E-04,0.316241338,5.20E-04
Control,CTR7,Track_581,75,75,15,0,0,0,0,0,25206.93764,0,25206.93764,12.1312351,514.1795267,117.7840363,0,0.001382952,0.004086433,3.09E-04,8.69E-04,0.001192757,1.418217524,34.85997925,14.22003642,0.347998919,4.81E-04,0.347998919,6.28E-04
Control,CTR7,Track_582,76,76,13,0,0,0,0,0,21605.94655,3600.991092,25206.93764,5.499488069,283.5151058,561.3970346,0,0.001195357,0.004535114,3.55E-04,0.001054849,0.001163538,1.406991876,25.82681715,9.266141996,0.21293712,2.55E-04,0.21293712,7.99E-04
Control,CTR7,Track_583,77,77,15,0,0,0,0,0,25206.93764,0,25206.93764,40.13337487,315.688779,550.8409576,0,0.002306484,0.005669834,1.87E-04,0.00214908,0.00151167,1.463432892,58.13939407,44.26318888,0.69029572,0.001592156,0.69029572,3.77E-04
Control,CTR7,Track_584,78,78,15,0,0,0,0,0,25206.93764,0,25206.93764,8.070186495,291.5165459,587.6019444,0,0.001063032,0.001779596,4.60E-04,0.001191728,4.41E-04,1.538188934,26.79578495,11.47843941,0.30117373,3.20E-04,0.30117373,7.95E-04
Control,CTR7,Track_586,80,80,12,0,0,0,0,0,19805.451,5401.486637,25206.93764,17.25076031,599.2569224,603.6677863,0,0.00199043,0.003847505,5.37E-04,0.001606052,0.001189163,1.325224568,39.42136456,19.55358031,0.437599269,8.71E-04,0.437599269,9.95E-04
Control,CTR7,Track_590,84,84,11,0,0,0,0,0,18004.95546,7201.982183,25206.93764,38.7420399,512.3505043,593.9776855,0,0.003458526,0.006634328,8.56E-04,0.003752609,0.002163644,1.311199286,62.27059874,43.56175905,0.622156213,0.002151743,0.622156213,5.34E-04
Control,CTR7,Track_592,86,86,11,0,0,0,0,0,18004.95546,7201.982183,25206.93764,24.26736513,503.1367959,94.57836752,0,0.001920705,0.00552618,1.26E-04,9.91E-04,0.002147006,1.380088546,34.58221132,26.77154578,0.70172971,0.001347816,0.70172971,7.71E-04
Control,CTR7,Track_593,87,87,11,0,0,0,0,0,18004.95546,7201.982183,25206.93764,14.61079088,336.2318987,177.9933565,0,0.001264196,0.002789479,5.82E-04,0.001065599,7.42E-04,1.31844177,22.76179971,14.80948356,0.641899633,8.11E-04,0.641899633,8.26E-04
GSK,GTR13,Track_1366,0,0,14,0,0,0,0,0,23406.4421,0,23406.4421,53.52391118,364.4798414,678.1978733,0,0.002445532,0.009301029,6.97E-05,8.09E-04,0.002896291,1.150491391,57.24121063,53.8352987,0.935059035,0.002286717,0.935059035,4.49E-04
GSK,GTR13,Track_1367,1,1,14,0,0,0,0,0,23406.4421,0,23406.4421,36.44109131,371.9871391,694.5267847,0,0.002454119,0.008189142,8.09E-05,8.34E-04,0.002876373,1.27487077,57.44220301,38.81238669,0.634395782,0.001556883,0.634395782,8.01E-04
GSK,GTR13,Track_1368,2,2,14,0,0,0,0,0,23406.4421,0,23406.4421,6.049211383,264.432769,30.62393052,0,0.001161498,0.003144974,8.78E-05,0.001014397,9.37E-04,1.135596582,27.18654114,8.540138903,0.222507577,2.58E-04,0.222507577,6.01E-04
GSK,GTR13,Track_1369,3,3,14,0,0,0,0,0,23406.4421,0,23406.4421,11.64174112,292.3313824,20.84198174,0,0.002289469,0.012542404,2.03E-04,9.96E-04,0.00328187,1.248917954,53.58832475,22.58254316,0.217243983,4.97E-04,0.217243983,4.02E-04
GSK,GTR13,Track_1371,5,5,13,1,0,0,0,1,23406.4421,0,23406.4421,9.098216758,512.7426339,40.66651979,0,0.001712502,0.009771446,8.20E-05,0.001031103,0.002676639,1.145385137,37.14782113,12.14854827,0.244919257,3.89E-04,0.226981085,9.06E-04
GSK,GTR13,Track_1372,6,6,10,0,0,0,0,0,16204.45991,0,16204.45991,16.24394597,276.6107826,72.89082337,0,0.001508755,0.006628203,2.79E-04,0.001032034,0.001980023,1.234191763,24.44856445,16.24394597,0.664413078,0.001002437,0.664413078,5.07E-04
GSK,GTR13,Track_1373,7,7,13,0,0,0,0,0,21605.94655,0,21605.94655,9.778478604,541.57905,64.96582664,0,0.00262363,0.01474553,1.56E-04,8.59E-04,0.004098605,1.286965288,56.68601157,18.70457363,0.172502498,4.53E-04,0.172502498,9.79E-04
GSK,GTR13,Track_1374,8,8,14,0,0,0,0,0,23406.4421,0,23406.4421,2.95794225,504.1392772,93.41013377,0,8.32E-04,0.0027353,8.12E-05,7.71E-04,6.56E-04,1.478416758,19.47320402,6.649814397,0.151898077,1.26E-04,0.151898077,6.74E-04
GSK,GTR13,Track_1375,9,9,13,0,0,0,0,0,21605.94655,0,21605.94655,7.043706629,550.7843866,95.19153549,0,0.001520435,0.003113051,2.89E-04,0.001867211,9.07E-04,1.356619633,32.8504393,9.019627943,0.214417426,3.26E-04,0.214417426,7.14E-04
GSK,GTR13,Track_1376,10,10,14,0,0,0,0,0,23406.4421,0,23406.4421,2.341152226,288.8479914,95.02475012,0,5.93E-04,0.001389186,7.98E-05,6.73E-04,3.81E-04,1.435212382,13.87719946,3.710154496,0.168704949,1.00E-04,0.168704949,5.95E-04
GSK,GTR13,Track_1377,11,11,14,0,0,0,0,0,23406.4421,0,23406.4421,4.983018198,522.8683257,113.5064963,0,6.63E-04,0.002230628,6.38E-05,4.05E-04,6.63E-04,1.313900743,15.52181269,4.983018198,0.321033264,2.13E-04,0.321033264,5.55E-04
GSK,GTR13,Track_1378,12,12,14,0,0,0,0,0,23406.4421,0,23406.4421,3.304134945,542.3777224,112.6593224,0,8.82E-04,0.002331669,1.79E-04,7.68E-04,6.01E-04,1.151994416,20.64657466,4.198159488,0.160033081,1.41E-04,0.160033081,7.99E-04
GSK,GTR13,Track_1379,13,13,14,0,0,0,0,0,23406.4421,0,23406.4421,2.319878289,299.6667133,119.7396756,0,6.16E-04,0.001355451,8.81E-05,6.52E-04,3.46E-04,1.528982154,14.42697055,7.360977833,0.160801485,9.91E-05,0.160801485,4.80E-04
GSK,GTR13,Track_1380,14,14,13,1,0,0,0,1,23406.4421,0,23406.4421,15.20424793,541.2547059,147.8731296,0,0.001542441,0.004509485,4.05E-04,0.001425566,0.001238056,1.198178181,34.05464829,15.20424793,0.446466156,6.50E-04,0.421134658,6.32E-04
GSK,GTR13,Track_1382,16,16,14,0,0,0,0,0,23406.4421,0,23406.4421,10.25902786,323.8150005,148.0526775,0,0.001212326,0.004208803,1.04E-04,9.73E-04,0.001062113,1.167216948,28.37624944,17.62448829,0.361535723,4.38E-04,0.361535723,3.97E-04
GSK,GTR13,Track_1383,17,17,14,0,0,0,0,0,23406.4421,0,23406.4421,10.12186266,285.240542,167.7550836,0,0.001340826,0.004985406,2.27E-04,0.001032947,0.001250665,1.195171714,31.38397079,16.51873333,0.322516954,4.32E-04,0.322516954,6.95E-04
GSK,GTR13,Track_1384,18,18,12,0,0,0,0,0,19805.451,0,19805.451,2.32552242,326.3525584,191.96122,0,0.00128604,0.00297862,3.62E-04,0.001216271,8.72E-04,1.24406303,25.47061004,4.731297685,0.091302188,1.17E-04,0.091302188,0.001056919
GSK,GTR13,Track_1385,19,19,14,0,0,0,0,0,23406.4421,0,23406.4421,7.656743108,299.3277154,197.5933174,0,8.53E-04,0.002258296,1.18E-04,5.49E-04,7.07E-04,1.412632602,19.9654865,8.529894461,0.38349895,3.27E-04,0.38349895,7.54E-04
GSK,GTR13,Track_1386,20,20,14,0,0,0,0,0,23406.4421,0,23406.4421,6.187056763,542.0017092,210.7157735,0,5.71E-04,0.001425157,1.09E-04,4.26E-04,4.23E-04,1.409386115,13.365953,6.187056763,0.462896792,2.64E-04,0.462896792,6.73E-04
GSK,GTR13,Track_1387,21,21,14,0,0,0,0,0,23406.4421,0,23406.4421,5.788316353,556.3600724,236.4688736,0,4.48E-04,0.00122948,4.54E-05,3.34E-04,3.59E-04,1.436482149,10.49213051,6.448549544,0.551681696,2.47E-04,0.551681696,6.79E-04
GSK,GTR13,Track_1388,22,22,14,0,0,0,0,0,23406.4421,0,23406.4421,2.555949029,320.4426529,236.6141801,0,5.94E-04,0.00120002,2.93E-05,3.98E-04,3.70E-04,1.396912132,13.8971664,4.085188466,0.183918718,1.09E-04,0.183918718,8.49E-04
GSK,GTR13,Track_1389,23,23,14,0,0,0,0,0,23406.4421,0,23406.4421,9.95684423,567.2782184,256.264882,0,0.001028013,0.002749851,2.54E-04,9.64E-04,6.28E-04,1.414855872,24.0621362,9.95684423,0.413797185,4.25E-04,0.413797185,4.84E-04
GSK,GTR13,Track_1390,24,24,14,0,0,0,0,0,23406.4421,0,23406.4421,10.84579623,338.4321323,259.8961351,0,0.001710599,0.008168986,9.66E-05,0.001162772,0.002072683,1.375151123,40.03903912,13.79288975,0.270880532,4.63E-04,0.270880532,4.45E-04
GSK,GTR13,Track_1391,25,25,14,0,0,0,0,0,23406.4421,0,23406.4421,10.4935801,300.315017,267.6541599,0,7.49E-04,0.001674837,5.20E-05,7.17E-04,4.50E-04,1.41277739,17.52373498,10.81553031,0.598820976,4.48E-04,0.598820976,4.50E-04
GSK,GTR13,Track_1392,26,26,13,1,0,0,0,1,23406.4421,0,23406.4421,25.80513901,569.5056653,281.3652907,0,0.001050466,0.007713016,8.65E-05,2.15E-04,0.002170364,1.082623995,36.58356638,27.96113609,0.705375161,0.00110248,1.049515232,9.97E-04
GSK,GTR13,Track_1395,29,29,14,0,0,0,0,0,23406.4421,0,23406.4421,5.506757979,299.4813256,291.2425771,0,6.02E-04,0.00198277,6.88E-05,3.67E-04,5.06E-04,1.345081806,14.10063426,5.506757979,0.390532644,2.35E-04,0.390532644,4.45E-04
GSK,GTR13,Track_1396,30,30,14,0,0,0,0,0,23406.4421,0,23406.4421,7.727380755,570.2362566,309.3754009,0,4.37E-04,0.001255454,2.97E-05,2.44E-04,3.87E-04,1.257230367,10.22648628,7.949391771,0.755624223,3.30E-04,0.755624223,6.34E-04
GSK,GTR13,Track_1397,31,31,13,0,0,0,0,0,21605.94655,0,21605.94655,16.08699923,286.7274849,319.5326977,0,0.001243496,0.003159608,1.87E-04,0.001098807,9.28E-04,1.465306227,26.86691542,16.08699923,0.59876614,7.45E-04,0.59876614,4.11E-04
GSK,GTR13,Track_1398,32,32,14,0,0,0,0,0,23406.4421,0,23406.4421,13.42353618,556.3817026,345.8760726,0,9.67E-04,0.00302149,1.88E-04,7.21E-04,9.08E-04,1.413957332,22.62703114,14.81904515,0.593252208,5.73E-04,0.593252208,7.07E-04
GSK,GTR13,Track_1399,33,33,14,0,0,0,0,0,23406.4421,0,23406.4421,11.54589419,306.7813452,349.3278198,0,5.75E-04,0.002458825,8.03E-05,3.58E-04,6.64E-04,1.40880772,13.44734864,11.54589419,0.858600048,4.93E-04,0.858600048,6.03E-04
GSK,GTR13,Track_1400,34,34,14,0,0,0,0,0,23406.4421,0,23406.4421,3.230241551,323.2765597,364.3955586,0,3.95E-04,8.56E-04,1.07E-05,4.35E-04,2.23E-04,1.242163939,9.245559678,3.230241551,0.349383019,1.38E-04,0.349383019,9.03E-04
GSK,GTR13,Track_1401,35,35,14,0,0,0,0,0,23406.4421,0,23406.4421,17.81391171,369.9538348,360.1538871,0,0.001039337,0.004807672,2.32E-04,5.38E-04,0.001262002,1.328248594,24.3271858,17.81391171,0.732263561,7.61E-04,0.732263561,5.91E-04
GSK,GTR13,Track_1402,36,36,14,0,0,0,0,0,23406.4421,0,23406.4421,9.176252826,312.7409781,379.3865152,0,9.59E-04,0.002048302,1.44E-04,9.86E-04,5.96E-04,1.259893307,22.44572704,9.176252826,0.408819586,3.92E-04,0.408819586,5.77E-04
GSK,GTR13,Track_1403,37,37,14,0,0,0,0,0,23406.4421,0,23406.4421,2.017615322,405.2886522,371.8638794,0,2.07E-04,6.04E-04,3.77E-05,1.77E-04,1.50E-04,1.131953742,4.844494065,2.151545625,0.416475961,8.62E-05,0.416475961,8.58E-04
GSK,GTR13,Track_1404,38,38,14,0,0,0,0,0,23406.4421,0,23406.4421,7.879963245,598.0308586,389.3837649,0,7.15E-04,0.001623324,1.89E-04,6.13E-04,5.26E-04,1.302550648,16.72719075,7.879963245,0.471087068,3.37E-04,0.471087068,5.75E-04
GSK,GTR13,Track_1405,39,39,14,0,0,0,0,0,23406.4421,0,23406.4421,3.294083159,331.0184337,405.5658208,0,8.16E-04,0.002044589,3.06E-04,6.43E-04,5.28E-04,1.46078292,19.10715421,4.43735448,0.172400512,1.41E-04,0.172400512,5.19E-04
GSK,GTR13,Track_1407,41,41,14,0,0,0,0,0,23406.4421,0,23406.4421,9.545969402,412.4825333,409.2725441,0,6.87E-04,0.001271668,2.83E-04,6.24E-04,2.82E-04,1.42947478,16.07084866,9.545969402,0.593992863,4.08E-04,0.593992863,4.90E-04
GSK,GTR13,Track_1408,42,42,14,0,0,0,0,0,23406.4421,0,23406.4421,11.23291679,377.5842478,409.781963,0,0.001023247,0.006383971,1.47E-04,4.70E-04,0.001696414,1.216172619,23.95056325,13.47009489,0.469004285,4.80E-04,0.469004285,9.44E-04
GSK,GTR13,Track_1409,43,43,14,0,0,0,0,0,23406.4421,0,23406.4421,5.256231975,583.0048447,426.9456033,0,5.41E-04,0.001442543,1.38E-04,4.75E-04,3.77E-04,1.390175726,12.66876708,5.256231975,0.414896883,2.25E-04,0.414896883,6.66E-04
GSK,GTR13,Track_1410,44,44,12,0,0,0,0,0,19805.451,0,19805.451,5.381258776,291.1596826,448.0631566,0,6.27E-04,0.001322569,1.77E-04,4.63E-04,4.12E-04,1.287439475,12.41240136,5.381258776,0.433538896,2.72E-04,0.433538896,9.00E-04
GSK,GTR13,Track_1412,46,46,14,0,0,0,0,0,23406.4421,0,23406.4421,0.624966631,315.105074,486.2368815,0,6.28E-04,0.001553186,1.09E-04,4.22E-04,5.31E-04,1.470972325,14.68855288,5.281297474,0.04254787,2.67E-05,0.04254787,9.35E-04
GSK,GTR13,Track_1413,47,47,14,0,0,0,0,0,23406.4421,0,23406.4421,53.33321229,601.3655924,438.9296713,0,0.002701282,0.013071603,2.44E-04,7.71E-04,0.00452262,1.19247669,63.2273913,54.16746871,0.843514357,0.00227857,0.843514357,5.46E-04
GSK,GTR13,Track_1414,48,48,14,0,0,0,0,0,23406.4421,0,23406.4421,5.167750871,587.6574974,506.3882083,0,4.13E-04,0.001090875,7.77E-05,3.31E-04,2.82E-04,1.460325948,9.665619392,5.167750871,0.534652841,2.21E-04,0.534652841,8.41E-04
GSK,GTR13,Track_1415,49,49,14,0,0,0,0,0,23406.4421,0,23406.4421,27.97694444,408.3096673,533.55203,0,0.001539532,0.009437866,1.51E-04,6.81E-04,0.002484049,1.373116246,36.03497739,27.97694444,0.776383016,0.001195267,0.776383016,4.43E-04
GSK,GTR13,Track_1416,50,50,14,0,0,0,0,0,23406.4421,0,23406.4421,24.03748398,541.4797291,496.9999308,0,0.001703962,0.00637162,1.05E-04,6.56E-04,0.002046318,1.30590117,39.88368891,26.35120141,0.602689587,0.00102696,0.602689587,5.96E-04
GSK,GTR13,Track_1417,51,51,14,0,0,0,0,0,23406.4421,0,23406.4421,9.155731659,322.8389443,519.3021635,0,6.12E-04,0.001355778,1.40E-04,4.82E-04,3.92E-04,1.32011669,14.33293789,9.155731659,0.6387896,3.91E-04,0.6387896,6.28E-04
GSK,GTR13,Track_1420,54,54,14,0,0,0,0,0,23406.4421,0,23406.4421,4.410479809,606.3966811,549.5681613,0,5.25E-04,0.001453449,7.32E-05,4.26E-04,4.26E-04,1.502039058,12.2833662,4.919330624,0.359061168,1.88E-04,0.359061168,6.67E-04
GSK,GTR13,Track_1421,55,55,14,0,0,0,0,0,23406.4421,0,23406.4421,13.60374317,349.8115327,562.1252577,0,8.15E-04,0.002498994,2.56E-05,7.83E-04,6.69E-04,1.423215543,19.06831297,13.60374317,0.713421433,5.81E-04,0.713421433,6.17E-04
GSK,GTR13,Track_1422,56,56,14,0,0,0,0,0,23406.4421,0,23406.4421,2.679455658,392.2652654,578.641465,0,7.31E-04,0.001801806,9.30E-05,6.38E-04,4.92E-04,1.413501842,17.1152499,3.750882831,0.156553698,1.14E-04,0.156553698,6.27E-04
GSK,GTR13,Track_1423,57,57,14,0,0,0,0,0,23406.4421,0,23406.4421,3.649255299,616.40674,585.6741503,0,6.16E-04,0.001269595,1.51E-04,5.83E-04,3.82E-04,1.50120203,14.42004786,3.844013423,0.253068182,1.56E-04,0.253068182,6.62E-04
GSK,GTR13,Track_1424,58,58,14,0,0,0,0,0,23406.4421,0,23406.4421,13.55194751,330.6378153,588.5802429,0,9.49E-04,0.002883239,2.01E-04,5.51E-04,8.80E-04,1.43408152,22.2052274,14.49905996,0.610304379,5.79E-04,0.610304379,8.03E-04
GSK,GTR13,Track_1425,59,59,14,0,0,0,0,0,23406.4421,0,23406.4421,19.08399925,545.8909645,612.3216077,0,0.001514549,0.005611809,1.52E-04,7.39E-04,0.001725528,1.345258517,35.45020267,24.2145119,0.538332585,8.15E-04,0.538332585,7.05E-04
GSK,GTR13,Track_1426,60,60,14,0,0,0,0,0,23406.4421,0,23406.4421,34.537993,343.0963347,632.0262092,0,0.001767592,0.006676533,2.54E-04,7.58E-04,0.002004046,1.414580567,41.37303817,34.537993,0.8347947,0.001475576,0.8347947,6.35E-04
GSK,GTR13,Track_1427,61,61,14,0,0,0,0,0,23406.4421,0,23406.4421,8.606026198,603.8197592,625.4158216,0,6.79E-04,0.002227905,2.73E-04,5.17E-04,5.87E-04,1.380297439,15.89845086,9.369326515,0.541312249,3.68E-04,0.541312249,8.53E-04
GSK,GTR13,Track_1428,62,62,14,0,0,0,0,0,23406.4421,0,23406.4421,3.942502306,582.9921179,650.7279011,0,9.88E-04,0.002055984,7.34E-05,6.57E-04,6.60E-04,1.338110396,23.12681161,5.885096751,0.170473231,1.68E-04,0.170473231,6.92E-04
GSK,GTR13,Track_1430,64,64,13,0,0,0,0,0,21605.94655,1800.495546,23406.4421,1.688007824,558.2196867,593.5789962,0,4.80E-04,0.001495722,5.31E-05,3.48E-04,4.90E-04,1.159749499,10.37010895,2.058430112,0.162776286,7.81E-05,0.162776286,8.25E-04
GSK,GTR13,Track_1431,65,65,10,0,0,0,0,0,16204.45991,1800.495546,18004.95546,1.035000259,287.902572,0,0,2.34E-04,3.83E-04,1.92E-04,1.92E-04,8.45E-05,1.267310655,3.795000949,1.035000259,0.272727273,6.39E-05,0.272727273,8.72E-04
GSK,GTR13,Track_1432,66,66,13,0,0,0,0,0,21605.94655,1800.495546,23406.4421,12.09365497,530.1735537,47.34192669,0,0.003720367,0.010824846,1.20E-04,0.002457575,0.004343677,1.132213556,80.38205137,12.86002372,0.150452181,5.60E-04,0.150452181,9.19E-04
GSK,GTR13,Track_1433,67,67,13,0,0,0,0,0,21605.94655,1800.495546,23406.4421,21.97982408,548.5776597,128.3253361,0,0.001896966,0.00514528,3.91E-04,0.001705256,0.001507453,1.12557435,40.98575127,21.97982408,0.536279644,0.001017304,0.536279644,7.96E-04
GSK,GTR13,Track_1434,68,68,11,1,0,0,0,1,19805.451,3600.991092,23406.4421,32.21676948,306.4493529,172.0404032,0,0.002545671,0.016402603,2.26E-04,9.97E-04,0.004961197,1.215321465,47.20349882,33.75726536,0.682508083,0.001626662,0.638991292,8.77E-04
GSK,GTR13,Track_1435,69,69,12,0,0,0,0,0,19805.451,3600.991092,23406.4421,4.962339586,350.9373736,188.2734383,0,6.90E-04,0.002192216,1.15E-04,6.35E-04,5.43E-04,1.409831593,13.66733893,7.456205221,0.363080159,2.51E-04,0.363080159,6.03E-04
GSK,GTR13,Track_1436,70,70,13,0,0,0,0,0,21605.94655,1800.495546,23406.4421,9.135043025,316.2761572,534.6947627,0,7.70E-04,0.001864199,1.78E-04,5.22E-04,5.88E-04,1.266349994,16.63174638,10.53013988,0.549253387,4.23E-04,0.549253387,7.83E-04
GSK,GTR13,Track_1437,71,71,10,0,0,0,0,0,16204.45991,7201.982183,23406.4421,3.036206729,588.9559902,667.5044535,0,4.36E-04,0.001138994,8.07E-05,3.61E-04,3.73E-04,1.450642157,7.072284085,4.675346221,0.429310629,1.87E-04,0.429310629,7.01E-04
GSK,GTR13,Track_1438,72,72,10,0,0,0,0,0,16204.45991,7201.982183,23406.4421,9.128826069,280.8778563,33.09988892,0,0.001168661,0.002426871,1.06E-04,8.95E-04,8.88E-04,1.072022533,18.93751298,9.556379601,0.482049891,5.63E-04,0.482049891,4.35E-04
GSK,GTR13,Track_1439,73,73,10,0,0,0,0,0,16204.45991,7201.982183,23406.4421,1.478307546,449.1792637,151.1726496,0,4.93E-04,0.001201696,1.48E-05,4.85E-04,3.55E-04,1.036081517,7.996514471,1.478307546,0.184868989,9.12E-05,0.184868989,0.00126673
GSK,GTR23,Track_374,0,0,14,0,0,0,0,0,23406.4421,0,23406.4421,8.507855887,615.9532391,6.698439202,0,9.01E-04,0.002918577,3.46E-04,6.20E-04,6.93E-04,1.441653115,21.0885037,8.507855887,0.40343573,3.63E-04,0.40343573,9.54E-04
GSK,GTR23,Track_375,1,1,14,0,0,0,0,0,23406.4421,0,23406.4421,2.589093962,633.8239913,37.36087662,0,3.19E-04,0.001006366,6.04E-05,2.80E-04,2.49E-04,1.755773272,7.471404769,2.662992841,0.346533757,1.11E-04,0.346533757,7.82E-04
GSK,GTR23,Track_376,2,2,14,0,0,0,0,0,23406.4421,0,23406.4421,7.30713431,339.5670805,27.86957778,0,4.81E-04,0.001094268,1.46E-04,3.30E-04,3.26E-04,1.53160211,11.24876332,7.30713431,0.649594458,3.12E-04,0.649594458,5.20E-04
GSK,GTR23,Track_378,4,4,14,0,0,0,0,0,23406.4421,0,23406.4421,3.204816188,319.5805741,60.72626128,0,5.34E-04,0.001451346,7.97E-05,4.26E-04,4.38E-04,1.456227703,12.49382611,3.474632263,0.256511989,1.37E-04,0.256511989,8.94E-04
GSK,GTR23,Track_379,5,5,14,0,0,0,0,0,23406.4421,0,23406.4421,8.539045556,664.9978367,55.37150409,0,5.40E-04,0.001354217,1.44E-04,3.33E-04,4.19E-04,1.474847036,12.64071897,8.794894494,0.675518978,3.65E-04,0.675518978,5.66E-04
GSK,GTR23,Track_380,6,6,14,0,0,0,0,0,23406.4421,0,23406.4421,8.05632175,648.4929992,79.89432449,0,8.74E-04,0.002299953,2.73E-04,6.13E-04,6.22E-04,1.360637631,20.44665849,8.05632175,0.394016546,3.44E-04,0.394016546,7.17E-04
GSK,GTR23,Track_381,7,7,14,0,0,0,0,0,23406.4421,0,23406.4421,11.64400754,372.5360614,81.64245707,0,8.10E-04,0.002765991,1.56E-04,4.72E-04,7.65E-04,1.55241039,18.96890542,11.64400754,0.613847098,4.97E-04,0.613847098,3.60E-04
GSK,GTR23,Track_382,8,8,11,0,0,0,0,0,18004.95546,0,18004.95546,3.173238709,320.7001998,81.14384917,0,7.31E-04,0.001875672,1.53E-04,7.88E-04,5.61E-04,1.372873935,13.16862136,5.43606987,0.240969698,1.76E-04,0.240969698,5.74E-04
GSK,GTR23,Track_383,9,9,12,0,0,0,0,0,19805.451,0,19805.451,10.21546247,639.4677729,93.62035532,0,0.001052244,0.00245698,2.78E-04,9.83E-04,6.54E-04,1.326328675,20.84016263,12.88358086,0.490181514,5.16E-04,0.490181514,4.39E-04
GSK,GTR23,Track_384,10,10,13,0,0,0,0,0,21605.94655,0,21605.94655,6.473815834,341.8079032,116.9888458,0,5.00E-04,0.00111808,1.49E-04,4.71E-04,3.00E-04,1.427022393,10.79429454,7.206913592,0.599744227,3.00E-04,0.599744227,7.76E-04
GSK,GTR23,Track_385,11,11,14,0,0,0,0,0,23406.4421,0,23406.4421,8.859685569,616.1218812,115.2440911,0,5.80E-04,0.001154313,3.03E-04,4.51E-04,3.11E-04,1.487968658,13.57022034,9.572886044,0.652877061,3.79E-04,0.652877061,4.87E-04
GSK,GTR23,Track_386,12,12,14,0,0,0,0,0,23406.4421,0,23406.4421,1.115812393,595.896051,131.1236258,0,2.21E-04,3.59E-04,9.47E-05,2.15E-04,7.21E-05,1.260407891,5.166796403,1.568940033,0.215958266,4.77E-05,0.215958266,0.001018024
GSK,GTR23,Track_387,13,13,14,0,0,0,0,0,23406.4421,0,23406.4421,12.23161979,337.545244,154.4239125,0,0.00182369,0.004287595,7.26E-05,0.0014939,0.001150897,1.509572089,42.68608904,15.68974266,0.286548149,5.23E-04,0.286548149,5.81E-04
GSK,GTR23,Track_388,14,14,14,0,0,0,0,0,23406.4421,0,23406.4421,2.279477356,616.6670487,170.1624179,0,3.93E-04,0.001066781,1.16E-04,3.07E-04,3.17E-04,1.586833085,9.201015829,3.668821744,0.247741923,9.74E-05,0.247741923,6.15E-04
GSK,GTR23,Track_389,15,15,14,0,0,0,0,0,23406.4421,0,23406.4421,3.132091605,639.5656307,184.9232243,0,4.14E-04,0.002131813,1.06E-04,2.13E-04,5.61E-04,1.515689875,9.693793754,5.5450476,0.323102769,1.34E-04,0.323102769,7.58E-04
GSK,GTR23,Track_390,16,16,14,0,0,0,0,0,23406.4421,0,23406.4421,6.217643324,380.9477299,197.0209357,0,6.80E-04,0.001970779,5.63E-05,5.81E-04,5.69E-04,1.550288362,15.91201428,8.243756866,0.390751492,2.66E-04,0.390751492,5.68E-04
GSK,GTR23,Track_391,17,17,14,0,0,0,0,0,23406.4421,0,23406.4421,2.991213443,351.2278888,239.111141,0,8.90E-04,0.003219991,1.25E-04,4.17E-04,0.001004616,1.250465402,20.83247419,7.984148056,0.143584167,1.28E-04,0.143584167,5.84E-04
GSK,GTR23,Track_392,18,18,14,0,0,0,0,0,23406.4421,0,23406.4421,11.73638699,642.0558235,231.5298055,0,9.66E-04,0.003524851,3.48E-05,7.22E-04,9.56E-04,1.551429059,22.6196226,11.73638699,0.518858656,5.01E-04,0.518858656,4.76E-04
GSK,GTR23,Track_393,19,19,14,0,0,0,0,0,23406.4421,0,23406.4421,10.05700692,664.0248268,240.0904703,0,8.50E-04,0.00257435,2.38E-04,4.40E-04,8.06E-04,1.435766884,19.88676983,10.1332236,0.505713447,4.30E-04,0.505713447,5.18E-04
GSK,GTR23,Track_394,20,20,14,0,0,0,0,0,23406.4421,0,23406.4421,1.592904543,431.2060768,254.454721,0,1.88E-04,3.10E-04,9.36E-05,1.80E-04,7.54E-05,1.351116402,4.408937664,1.632480681,0.361289876,6.81E-05,0.361289876,8.08E-04
GSK,GTR23,Track_395,21,21,14,0,0,0,0,0,23406.4421,0,23406.4421,4.143766629,328.939393,280.7370942,0,5.40E-04,0.001363784,1.18E-04,3.89E-04,3.75E-04,1.539751674,12.63717688,4.143766629,0.327902875,1.77E-04,0.327902875,6.36E-04
GSK,GTR23,Track_396,22,22,13,1,0,0,0,1,23406.4421,0,23406.4421,3.642448152,643.0010627,272.1962843,0,4.91E-04,0.001942864,3.86E-05,3.41E-04,5.19E-04,1.366389467,11.05358125,5.024851525,0.329526519,1.56E-04,0.317218865,6.98E-04
GSK,GTR23,Track_397,23,23,14,0,0,0,0,0,23406.4421,0,23406.4421,5.590445982,643.9823779,302.4758423,0,4.89E-04,0.001022248,4.73E-05,4.57E-04,2.62E-04,1.559010812,11.44418524,5.590445982,0.488496635,2.39E-04,0.488496635,7.19E-04
GSK,GTR23,Track_398,24,24,14,0,0,0,0,0,23406.4421,0,23406.4421,43.44715145,415.3392453,271.978284,0,0.002072592,0.016965854,4.86E-05,3.83E-04,0.004688257,1.2438179,48.51201518,43.57415591,0.895595685,0.001856205,0.895595685,6.52E-04
GSK,GTR23,Track_400,26,26,14,0,0,0,0,0,23406.4421,0,23406.4421,9.225302689,308.9370781,343.2900683,0,8.99E-04,0.006738461,4.60E-05,2.43E-04,0.001819738,1.436062711,21.05394746,12.13256818,0.43817449,3.94E-04,0.43817449,9.15E-04
GSK,GTR23,Track_401,27,27,13,0,0,0,0,0,21605.94655,0,21605.94655,19.93990404,289.5811369,362.3784459,0,0.001702228,0.010777935,8.26E-05,9.07E-04,0.002959983,1.158479636,36.77825708,19.93990404,0.542165552,9.23E-04,0.542165552,6.46E-04
GSK,GTR23,Track_402,28,28,10,0,0,0,0,0,16204.45991,0,16204.45991,7.735131306,297.538353,348.6816677,0,7.46E-04,0.003815269,8.99E-05,2.60E-04,0.001203931,1.108769202,12.08786195,8.141660508,0.639908971,4.77E-04,0.639908971,5.35E-04
GSK,GTR23,Track_403,29,29,14,0,0,0,0,0,23406.4421,0,23406.4421,3.407614252,625.6187783,390.6615368,0,2.96E-04,6.37E-04,8.59E-05,2.15E-04,2.01E-04,1.421564843,6.919403006,4.263027549,0.492472291,1.46E-04,0.492472291,7.06E-04
GSK,GTR23,Track_405,31,31,14,0,0,0,0,0,23406.4421,0,23406.4421,2.007591393,461.5469805,405.3345337,0,3.87E-04,0.001117715,3.72E-05,3.15E-04,2.85E-04,1.717856773,9.048093452,2.805630196,0.221880046,8.58E-05,0.221880046,8.55E-04
GSK,GTR23,Track_406,32,32,14,0,0,0,0,0,23406.4421,0,23406.4421,10.59764388,616.1649866,433.1127222,0,8.60E-04,0.002735486,8.16E-05,6.74E-04,8.66E-04,1.331467892,20.1326752,10.59764388,0.526390248,4.53E-04,0.526390248,8.61E-04
GSK,GTR23,Track_407,33,33,14,0,0,0,0,0,23406.4421,0,23406.4421,3.934671217,286.4426151,428.7578798,0,7.16E-04,0.001394533,3.01E-04,6.70E-04,3.46E-04,1.454993495,16.76196213,5.782851289,0.234738104,1.68E-04,0.234738104,8.59E-04
GSK,GTR23,Track_408,34,34,14,0,0,0,0,0,23406.4421,0,23406.4421,6.83838649,313.6075029,441.9578553,0,5.97E-04,0.001737771,4.44E-05,5.34E-04,4.16E-04,1.67482784,13.98476781,7.005170436,0.488988204,2.92E-04,0.488988204,6.70E-04
GSK,GTR23,Track_409,35,35,14,0,0,0,0,0,23406.4421,0,23406.4421,1.559362392,333.4613844,460.6692526,0,4.82E-04,0.001189584,1.20E-04,4.35E-04,3.40E-04,1.161619876,11.28710599,1.943712345,0.138154315,6.66E-05,0.138154315,7.27E-04
GSK,GTR23,Track_411,37,37,13,1,0,0,0,1,23406.4421,0,23406.4421,1.048091605,624.3496128,487.157108,0,4.56E-04,0.001422148,5.90E-05,3.21E-04,4.49E-04,1.377779227,9.950378259,2.307155373,0.105331835,4.48E-05,0.098279158,6.37E-04
GSK,GTR23,Track_412,38,38,14,0,0,0,0,0,23406.4421,0,23406.4421,2.662657629,650.1645162,505.2523889,0,4.11E-04,0.001270888,3.39E-05,2.83E-04,3.53E-04,1.475485938,9.623692631,4.052209412,0.276677335,1.14E-04,0.276677335,4.51E-04
GSK,GTR23,Track_413,39,39,14,0,0,0,0,0,23406.4421,0,23406.4421,9.273385421,324.2371244,497.3521006,0,8.38E-04,0.002369541,1.67E-04,4.37E-04,6.24E-04,1.757725596,19.60447422,9.273385421,0.473023929,3.96E-04,0.473023929,4.03E-04
GSK,GTR23,Track_414,40,40,10,0,0,0,0,0,16204.45991,0,16204.45991,1.49827397,619.6749537,549.3547877,0,2.39E-04,3.68E-04,1.13E-04,2.20E-04,8.64E-05,1.300770402,3.871835756,1.49827397,0.386967337,9.25E-05,0.386967337,7.65E-04
GSK,GTR23,Track_415,41,41,14,0,0,0,0,0,23406.4421,0,23406.4421,3.493167538,637.0070694,550.8229133,0,4.39E-04,0.001010699,1.36E-04,3.42E-04,2.46E-04,1.455759389,10.27607796,4.441582562,0.339931981,1.49E-04,0.339931981,7.17E-04
GSK,GTR23,Track_416,42,42,14,0,0,0,0,0,23406.4421,0,23406.4421,17.57298721,624.907171,576.5327202,0,0.0010812,0.003589895,1.61E-04,0.001073655,9.55E-04,1.346578096,25.30704429,17.57298721,0.694391135,7.51E-04,0.694391135,6.16E-04
GSK,GTR23,Track_417,43,43,14,0,0,0,0,0,23406.4421,0,23406.4421,2.615898983,445.318448,577.3295072,0,1.64E-04,3.29E-04,3.94E-05,1.73E-04,7.98E-05,1.19313854,3.832673122,2.615898983,0.682525981,1.12E-04,0.682525981,6.27E-04
GSK,GTR23,Track_419,45,45,14,0,0,0,0,0,23406.4421,0,23406.4421,9.313056684,319.5595406,600.8375428,0,4.79E-04,0.0016964,5.78E-05,3.31E-04,4.82E-04,1.504102119,11.20613758,9.313056684,0.831067494,3.98E-04,0.831067494,6.79E-04
GSK,GTR23,Track_420,46,46,14,0,0,0,0,0,23406.4421,0,23406.4421,2.093298751,618.183492,665.5572143,0,5.11E-04,0.00116426,1.22E-04,4.59E-04,3.72E-04,1.457884371,11.97176841,4.263339126,0.174852927,8.94E-05,0.174852927,7.47E-04
GSK,GTR23,Track_421,47,47,14,0,0,0,0,0,23406.4421,0,23406.4421,3.55982327,325.7587402,654.6137447,0,3.70E-04,6.54E-04,1.50E-04,3.64E-04,1.70E-04,1.762441891,8.658507264,3.55982327,0.411135911,1.52E-04,0.411135911,7.70E-04
GSK,GTR23,Track_423,49,49,11,0,0,0,0,0,18004.95546,3600.991092,21605.94655,6.377016428,329.2544872,90.44106005,0,5.40E-04,0.001772795,1.14E-04,5.10E-04,4.73E-04,1.266797694,9.716617189,6.377016428,0.656300058,3.54E-04,0.656300058,5.89E-04
GSK,GTR23,Track_424,50,50,12,0,0,0,0,0,19805.451,3600.991092,23406.4421,7.335303798,348.9341233,257.7736587,0,5.25E-04,0.001005008,1.79E-04,4.11E-04,2.79E-04,1.41910552,10.3943766,8.46831888,0.705699252,3.70E-04,0.705699252,3.96E-04
GSK,GTR23,Track_425,51,51,13,0,0,0,0,0,21605.94655,1800.495546,23406.4421,7.136950204,336.7540565,346.1422823,0,0.001425109,0.005752921,1.04E-04,8.42E-04,0.001647789,1.499056651,30.79082087,17.03911585,0.231788241,3.30E-04,0.231788241,5.17E-04
GSK,GTR23,Track_426,52,52,13,0,0,0,0,0,21605.94655,1800.495546,23406.4421,3.29720325,317.1962933,380.2457772,0,6.00E-04,0.001997532,9.16E-05,4.06E-04,6.17E-04,1.513431191,12.95529593,3.651125418,0.254506209,1.53E-04,0.254506209,4.77E-04
GSK,GTR23,Track_427,53,53,13,0,0,0,0,0,21605.94655,1800.495546,23406.4421,3.890895321,284.5046758,399.7453705,0,4.55E-04,0.00116408,9.77E-05,3.24E-04,3.61E-04,1.45266675,9.837498107,5.163569332,0.395516754,1.80E-04,0.395516754,6.73E-04
GSK,GTR23,Track_428,54,54,12,0,0,0,0,0,19805.451,3600.991092,23406.4421,4.820831156,621.8025975,455.6449228,0,0.002560912,0.009686683,4.88E-04,0.001470867,0.002572675,1.384351869,50.7200099,13.054718,0.095047914,2.43E-04,0.095047914,5.80E-04
GSK,GTR23,Track_429,55,55,13,0,0,0,0,0,21605.94655,1800.495546,23406.4421,15.65176654,644.518873,634.7080182,0,0.001289208,0.006938905,9.64E-05,6.22E-04,0.001890717,1.443060976,27.85456365,18.27767216,0.561910312,7.24E-04,0.561910312,7.41E-04
GSK,GTR23,Track_430,56,56,11,0,0,0,0,0,18004.95546,5401.486637,23406.4421,5.055651138,637.0565669,339.6399941,0,5.30E-04,0.001111519,1.14E-04,4.02E-04,3.64E-04,1.565690236,9.541322531,6.603427125,0.529869011,2.81E-04,0.529869011,4.80E-04
GSK,GTR23,Track_431,57,57,11,0,0,0,0,0,18004.95546,5401.486637,23406.4421,2.342039171,621.5929207,560.3937391,0,2.65E-04,7.55E-04,3.20E-05,2.62E-04,2.18E-04,1.053336187,4.769471117,2.655390801,0.491047983,1.30E-04,0.491047983,6.97E-04
TSA,TTR15,Track_327,0,0,15,0,0,0,0,0,25206.93764,0,25206.93764,14.12757709,319.9426531,219.8585076,0,0.001106314,0.0025287,2.36E-04,9.02E-04,7.16E-04,1.415887562,27.88677891,14.12757709,0.506604837,5.60E-04,0.506604837,7.36E-04
TSA,TTR15,Track_328,1,1,15,0,0,0,0,0,25206.93764,0,25206.93764,16.66217789,503.3822247,262.1815094,0,0.001747674,0.003929792,4.39E-04,0.001431145,0.001252902,1.374381312,44.05351602,19.88373377,0.378225835,6.61E-04,0.378225835,7.21E-04
TSA,TTR15,Track_330,3,3,14,0,0,0,0,0,23406.4421,0,23406.4421,24.53762195,511.2884733,302.6698965,0,0.001314777,0.002608084,3.37E-04,0.0014731,6.57E-04,1.365872579,30.77426208,24.53762195,0.797342334,0.001048328,0.797342334,3.09E-04
TSA,TTR15,Track_331,4,4,15,0,0,0,0,0,25206.93764,0,25206.93764,31.666374,529.5556949,326.7843195,0,0.002209796,0.005219244,6.07E-04,0.002129617,0.001408982,1.40438083,55.70218704,31.666374,0.568494267,0.001256256,0.568494267,7.70E-04
TSA,TTR15,Track_332,5,5,15,0,0,0,0,0,25206.93764,0,25206.93764,16.82149845,341.381214,339.4794028,0,0.002703221,0.009216442,6.21E-04,0.001518707,0.00267363,1.312554113,68.13993546,29.35020047,0.246866956,6.67E-04,0.246866956,0.001054531
TSA,TTR15,Track_333,6,6,15,0,0,0,0,0,25206.93764,0,25206.93764,25.59442594,501.8339453,353.4552117,0,0.001654168,0.00459741,7.63E-04,0.001344265,0.00102156,1.420270896,41.69652175,25.90549233,0.613826403,0.001015372,0.613826403,7.59E-04
TSA,TTR15,Track_334,7,7,15,0,0,0,0,0,25206.93764,0,25206.93764,21.02662762,267.567404,368.4564029,0,0.001784871,0.004163358,4.01E-04,0.001754755,9.82E-04,1.401623249,44.99113671,27.04193059,0.467350442,8.34E-04,0.467350442,3.34E-04
TSA,TTR15,Track_335,8,8,15,0,0,0,0,0,25206.93764,0,25206.93764,1.971934443,551.7902411,352.0912475,0,0.001104734,0.002716213,1.78E-04,9.79E-04,8.03E-04,1.296241625,27.8469646,6.409748275,0.070813264,7.82E-05,0.070813264,6.50E-04
TSA,TTR15,Track_336,9,9,15,0,0,0,0,0,25206.93764,0,25206.93764,9.670018011,501.3295835,390.6095837,0,0.001289872,0.002001129,3.66E-04,0.001554521,5.45E-04,1.225717616,32.51372768,12.64495735,0.297413391,3.84E-04,0.297413391,9.70E-04
TSA,TTR15,Track_337,10,10,15,0,0,0,0,0,25206.93764,0,25206.93764,25.56815756,513.9599826,396.4025175,0,0.002067444,0.009902908,4.05E-04,9.79E-04,0.002651305,1.17236441,52.1139334,26.14812578,0.490620375,0.00101433,0.490620375,0.001147119
TSA,TTR15,Track_338,11,11,11,0,0,0,0,0,18004.95546,0,18004.95546,12.56880949,559.3200813,392.4804519,0,0.00132995,0.004561345,5.44E-04,9.81E-04,0.001215714,1.229576154,23.94569609,12.56880949,0.52488804,6.98E-04,0.52488804,5.69E-04
TSA,TTR15,Track_339,12,12,15,0,0,0,0,0,25206.93764,0,25206.93764,12.62117485,543.39694,407.6558839,0,0.001747915,0.006719244,2.99E-04,0.001153376,0.001716582,1.263042283,44.05958484,15.7584049,0.286456963,5.01E-04,0.286456963,9.44E-04
TSA,TTR15,Track_340,13,13,15,0,0,0,0,0,25206.93764,0,25206.93764,4.570019725,559.8312367,432.2469358,0,0.001002116,0.00184189,2.39E-04,0.001091761,5.22E-04,1.227396321,25.26028555,6.59576338,0.180917184,1.81E-04,0.180917184,8.68E-04
TSA,TTR15,Track_341,14,14,11,0,0,0,0,0,18004.95546,0,18004.95546,28.8805124,283.2635872,424.73807,0,0.0023198,0.004856794,9.14E-04,0.002057923,0.001225543,1.200398088,41.76788938,28.8805124,0.691452521,0.001604031,0.691452521,3.94E-04
TSA,TTR15,Track_342,15,15,15,0,0,0,0,0,25206.93764,0,25206.93764,27.51961389,289.1139247,436.6906058,0,0.002061054,0.005811472,6.11E-04,0.001520937,0.001600315,1.18230919,51.95286145,28.33192114,0.529703526,0.001091748,0.529703526,4.74E-04
TSA,TTR15,Track_343,16,16,15,0,0,0,0,0,25206.93764,0,25206.93764,25.26032769,541.6537317,461.1859883,0,0.001646425,0.005997273,1.10E-04,0.00116389,0.001908556,1.342836205,41.50132702,30.73681309,0.608663132,0.001002118,0.608663132,6.52E-04
TSA,TTR15,Track_344,17,17,15,0,0,0,0,0,25206.93764,0,25206.93764,10.15016969,578.5157238,475.5142101,0,7.78E-04,0.001834723,2.16E-04,6.31E-04,4.75E-04,1.270519749,19.61544174,11.39717674,0.517458124,4.03E-04,0.517458124,8.19E-04
TSA,TTR15,Track_345,18,18,15,0,0,0,0,0,25206.93764,0,25206.93764,35.68334588,539.2475562,485.0385237,0,0.002033981,0.004023362,7.06E-04,0.00182306,0.001073502,1.410677409,51.27042793,35.68334588,0.695982993,0.001415616,0.695982993,6.42E-04
TSA,TTR15,Track_346,19,19,15,0,0,0,0,0,25206.93764,0,25206.93764,7.717935251,637.2736694,506.2420113,0,0.001219664,0.002369979,3.79E-04,0.001174539,5.91E-04,1.345478463,30.74399887,10.43962623,0.251038757,3.06E-04,0.251038757,8.56E-04
TSA,TTR15,Track_347,20,20,15,0,0,0,0,0,25206.93764,0,25206.93764,15.81222468,278.6236548,487.2153986,0,0.001041219,0.00250796,1.78E-04,0.001141648,8.62E-04,1.384211914,26.245954,16.24173022,0.602463324,6.27E-04,0.602463324,6.81E-04
TSA,TTR15,Track_348,21,21,15,0,0,0,0,0,25206.93764,0,25206.93764,10.91509347,328.4413897,506.8929615,0,0.002576484,0.018150275,2.44E-04,0.001505561,0.004518705,1.413463306,64.94526337,26.07008398,0.168066044,4.33E-04,0.168066044,5.65E-04
TSA,TTR15,Track_349,22,22,15,0,0,0,0,0,25206.93764,0,25206.93764,6.795058885,630.4395026,542.8977118,0,0.001034694,0.00225407,2.86E-05,0.001201612,6.79E-04,1.187517071,26.08146608,10.68329219,0.260532091,2.70E-04,0.260532091,5.32E-04
TSA,TTR15,Track_350,23,23,15,0,0,0,0,0,25206.93764,0,25206.93764,9.342305886,640.5727198,526.9369318,0,0.001001632,0.002325457,6.61E-05,8.22E-04,6.32E-04,1.166929857,25.24806691,9.342305886,0.37002064,3.71E-04,0.37002064,7.93E-04
TSA,TTR15,Track_351,24,24,15,0,0,0,0,0,25206.93764,0,25206.93764,34.3449168,320.2786328,547.324462,0,0.002257864,0.006766673,2.40E-04,0.00227046,0.001540469,1.42677544,56.91383377,38.44291165,0.603454635,0.001362518,0.603454635,6.32E-04
TSA,TTR15,Track_353,26,26,15,0,0,0,0,0,25206.93764,0,25206.93764,24.51890161,610.7552915,570.3410766,0,0.00207533,0.007016761,5.40E-04,0.00163724,0.001682425,1.24943161,52.31271115,25.25601507,0.468698736,9.73E-04,0.468698736,5.78E-04
TSA,TTR15,Track_355,28,28,15,0,0,0,0,0,25206.93764,0,25206.93764,7.783260616,585.1649901,596.5395233,0,0.001356213,0.004515077,1.10E-04,0.00128393,0.001143593,1.337589629,34.18596786,14.31343749,0.227674134,3.09E-04,0.227674134,5.68E-04
TSA,TTR15,Track_356,29,29,15,0,0,0,0,0,25206.93764,0,25206.93764,62.03829453,589.0274974,639.6033013,0,0.003112259,0.013760135,6.88E-04,0.002447069,0.003238992,1.364401023,78.45052286,62.03829453,0.79079517,0.00246116,0.79079517,3.37E-04
TSA,TTR15,Track_357,30,30,15,0,0,0,0,0,25206.93764,0,25206.93764,12.85728709,308.1670742,606.3887945,0,0.001129328,0.002710283,2.99E-04,0.00108984,6.21E-04,1.390195417,28.466905,12.85728709,0.451657358,5.10E-04,0.451657358,6.61E-04
TSA,TTR15,Track_358,31,31,15,0,0,0,0,0,25206.93764,0,25206.93764,3.014692481,611.3382419,632.9863881,0,0.001511754,0.004037638,1.81E-04,0.001233422,0.001116435,1.239271919,38.10668617,8.041729978,0.079111904,1.20E-04,0.079111904,0.001073923
TSA,TTR15,Track_359,32,32,15,0,0,0,0,0,25206.93764,0,25206.93764,5.827591631,307.4037945,639.0063341,0,8.70E-04,0.002390233,1.64E-04,7.63E-04,6.09E-04,1.32623659,21.93991981,5.827591631,0.265615904,2.31E-04,0.265615904,9.66E-04
TSA,TTR15,Track_361,34,34,11,0,0,0,0,0,18004.95546,0,18004.95546,20.52356232,578.2594485,682.1562866,0,0.002073393,0.006694954,3.79E-04,0.001121703,0.002137515,1.105781013,37.33134742,20.52356232,0.549767521,0.001139884,0.549767521,6.91E-04
TSA,TTR15,Track_362,35,35,11,0,0,0,0,0,18004.95546,0,18004.95546,68.28118559,301.0282952,659.0613865,0,0.004140508,0.008221407,6.58E-04,0.004725634,0.00290547,1.227769494,74.54965871,68.28118559,0.915915469,0.003792355,0.915915469,4.13E-04
TSA,TTR15,Track_363,36,36,15,0,0,0,0,0,25206.93764,0,25206.93764,16.03102424,301.0654432,687.5844668,0,0.001550432,0.006655041,7.11E-04,0.001157847,0.001532609,1.364221652,39.08163728,16.03102424,0.410193261,6.36E-04,0.410193261,6.95E-04
TSA,TTR15,Track_366,39,39,15,0,0,0,0,0,25206.93764,0,25206.93764,2.594400821,341.8630323,49.07818909,0,0.001053262,0.002709612,6.02E-05,8.71E-04,7.90E-04,1.416975935,26.54950291,10.35333503,0.097719375,1.03E-04,0.097719375,8.15E-04
TSA,TTR15,Track_367,40,40,15,0,0,0,0,0,25206.93764,0,25206.93764,8.145381666,575.3743986,39.68854393,0,0.001097977,0.002637181,3.09E-04,0.001043624,6.68E-04,1.409552399,27.67664615,14.06775425,0.294305228,3.23E-04,0.294305228,4.43E-04
TSA,TTR15,Track_368,41,41,15,0,0,0,0,0,25206.93764,0,25206.93764,17.38683075,365.058972,70.62289539,0,0.00107736,0.002056033,1.97E-04,0.001199869,4.97E-04,1.381746483,27.15695141,17.38683075,0.640234999,6.90E-04,0.640234999,6.00E-04
TSA,TTR15,Track_369,42,42,15,0,0,0,0,0,25206.93764,0,25206.93764,11.67194904,308.9403595,69.59158323,0,9.90E-04,0.002400955,2.58E-04,8.76E-04,6.85E-04,1.398530213,24.96239531,11.67194904,0.467581292,4.63E-04,0.467581292,7.18E-04
TSA,TTR15,Track_370,43,43,15,0,0,0,0,0,25206.93764,0,25206.93764,3.886014215,590.5089656,78.17712737,0,9.21E-04,0.002304375,2.70E-04,8.67E-04,6.10E-04,1.331048004,23.21328204,5.39042727,0.167404773,1.54E-04,0.167404773,0.001158737
TSA,TTR15,Track_371,44,44,15,0,0,0,0,0,25206.93764,0,25206.93764,13.07102834,556.9448393,107.2045235,0,0.001365376,0.002877387,5.65E-04,0.001303006,6.49E-04,1.223199105,34.416957,13.07102834,0.379784545,5.19E-04,0.379784545,8.94E-04
TSA,TTR15,Track_372,45,45,11,0,0,0,0,0,18004.95546,0,18004.95546,16.97064959,329.4311533,97.30801508,0,0.001689857,0.003260063,5.55E-04,0.001616802,8.73E-04,1.382728338,30.42579641,17.90774346,0.557771746,9.43E-04,0.557771746,7.70E-04
TSA,TTR15,Track_373,46,46,15,0,0,0,0,0,25206.93764,0,25206.93764,8.001874497,308.676856,130.2896121,0,0.001005239,0.002077187,2.70E-04,9.32E-04,6.01E-04,1.391977334,25.33900587,8.001874497,0.315792756,3.17E-04,0.315792756,7.14E-04
TSA,TTR15,Track_376,49,49,15,0,0,0,0,0,25206.93764,0,25206.93764,12.81156606,597.9925615,192.286235,0,8.04E-04,0.001820387,7.85E-05,8.22E-04,5.06E-04,1.39198269,20.27465004,13.7342349,0.631900725,5.08E-04,0.631900725,7.09E-04
TSA,TTR15,Track_377,50,50,15,0,0,0,0,0,25206.93764,0,25206.93764,8.112483527,324.2205858,197.0983705,0,0.001172535,0.004056092,1.21E-04,8.77E-04,0.001002876,1.219742171,29.55601942,12.02276754,0.274478217,3.22E-04,0.274478217,7.65E-04
TSA,TTR15,Track_378,51,51,15,0,0,0,0,0,25206.93764,0,25206.93764,29.80978506,537.9422145,210.5764612,0,0.001849361,0.003501366,2.66E-04,0.001645794,0.001101851,1.35223461,46.61672885,31.38013967,0.639465398,0.001182602,0.639465398,6.31E-04
TSA,TTR15,Track_379,52,52,14,0,0,0,0,0,23406.4421,1800.495546,25206.93764,8.635610944,575.4334232,130.1845008,0,0.001036513,0.002072583,1.96E-04,8.40E-04,6.35E-04,1.216301143,24.26107474,11.97652109,0.355945111,3.69E-04,0.355945111,8.02E-04
TSA,TTR15,Track_382,55,55,13,0,0,0,0,0,21605.94655,3600.991092,25206.93764,2.183507712,600.3394704,2.62812298,0,0.001231684,0.002847954,1.92E-04,0.001070074,6.35E-04,1.261265177,26.61169642,4.217317441,0.082050677,1.01E-04,0.082050677,7.07E-04
TSA,TTR15,Track_383,56,56,13,0,0,0,0,0,21605.94655,3600.991092,25206.93764,15.39630259,302.8981198,166.6818577,0,0.001701701,0.004453245,1.66E-04,0.00154539,0.001100464,1.26833868,36.76685236,16.07011229,0.418754982,7.13E-04,0.418754982,0.001091406
TSA,TTR15,Track_384,57,57,12,0,0,0,0,0,19805.451,5401.486637,25206.93764,9.20159009,241.324328,299.0203985,0,7.99E-04,0.001671212,2.99E-04,6.42E-04,3.78E-04,1.36472401,15.82966058,9.34981761,0.581287896,4.65E-04,0.581287896,6.11E-04
TSA,TTR15,Track_385,58,58,13,0,0,0,0,0,21605.94655,3600.991092,25206.93764,3.065142742,544.7899912,381.0058571,0,0.001306052,0.004166741,2.21E-04,0.001057893,0.001222861,1.139940858,28.21848832,8.161041994,0.108621791,1.42E-04,0.108621791,9.81E-04
TSA,TTR33,Track_272,0,0,13,0,0,0,0,0,21605.94655,0,21605.94655,13.11482273,281.8420314,11.61821827,0,0.002281985,0.009089289,7.67E-05,8.57E-04,0.002889337,1.363777931,49.3044368,27.18526095,0.265996806,6.07E-04,0.265996806,6.12E-04
TSA,TTR33,Track_273,1,1,13,0,0,0,0,0,21605.94655,0,21605.94655,9.519262885,611.2015489,10.2773296,0,9.83E-04,0.002658852,1.49E-04,8.35E-04,6.39E-04,1.262660182,21.22924173,9.519262885,0.448403339,4.41E-04,0.448403339,6.40E-04
TSA,TTR33,Track_275,3,3,13,0,0,0,0,0,21605.94655,0,21605.94655,34.59999308,293.9370623,57.24344419,0,0.002156184,0.003757577,2.49E-04,0.002125741,0.001261392,1.379759018,46.58638689,34.59999308,0.742706086,0.001601411,0.742706086,4.21E-04
TSA,TTR33,Track_276,4,4,13,0,0,0,0,0,21605.94655,0,21605.94655,29.97399865,263.2975843,79.93601449,0,0.002960236,0.007899765,1.91E-04,0.002157248,0.002380398,1.296944288,63.95870405,29.97399865,0.468646122,0.001387303,0.468646122,7.91E-04
TSA,TTR33,Track_277,5,5,13,0,0,0,0,0,21605.94655,0,21605.94655,32.09177163,577.4640464,84.81754144,0,0.002089897,0.004975404,3.14E-04,0.001807412,0.001813078,1.279093027,45.15420229,32.09177163,0.710715061,0.001485321,0.710715061,4.67E-04
TSA,TTR33,Track_278,6,6,11,0,0,0,0,0,18004.95546,0,18004.95546,16.33732249,585.8649833,111.8312669,0,0.001728507,0.003953816,4.88E-04,0.001337418,0.001246144,1.317414728,31.1216873,16.33732249,0.524949767,9.07E-04,0.524949767,6.57E-04
TSA,TTR33,Track_279,7,7,13,0,0,0,0,0,21605.94655,0,21605.94655,5.640386645,250.3685788,121.0496007,0,0.001202167,0.003214093,2.62E-04,0.001001287,8.45E-04,1.258932288,25.97395176,12.24791857,0.217155506,2.61E-04,0.217155506,7.88E-04
TSA,TTR33,Track_280,8,8,13,0,0,0,0,0,21605.94655,0,21605.94655,52.16946821,281.1188887,130.3306408,0,0.003303054,0.013342277,4.32E-04,0.001745217,0.004540798,1.330042115,71.36559835,59.39114657,0.731017036,0.002414588,0.731017036,5.17E-04
TSA,TTR33,Track_281,9,9,13,0,0,0,0,0,21605.94655,0,21605.94655,2.208675769,581.5101412,161.033991,0,9.47E-04,0.002115978,3.43E-05,0.001186051,6.94E-04,1.360925482,20.46664138,9.98274857,0.107915888,1.02E-04,0.107915888,5.45E-04
TSA,TTR33,Track_282,10,10,13,0,0,0,0,0,21605.94655,0,21605.94655,16.66855983,236.0443061,186.7438864,0,0.001095053,0.001732464,3.93E-04,0.001166276,3.78E-04,1.451681119,23.65966551,16.66855983,0.704513757,7.71E-04,0.704513757,6.58E-04
TSA,TTR33,Track_283,11,11,13,0,0,0,0,0,21605.94655,0,21605.94655,10.57504473,261.2811749,196.0237155,0,9.49E-04,0.00194109,9.94E-05,8.23E-04,6.52E-04,1.363494855,20.49900245,10.8911997,0.515880944,4.89E-04,0.515880944,8.51E-04
TSA,TTR33,Track_284,12,12,13,0,0,0,0,0,21605.94655,0,21605.94655,23.88192778,577.0281888,197.2289423,0,0.002107787,0.006247239,3.78E-04,0.001861487,0.00169762,1.343615954,45.5407344,23.88192778,0.524408051,0.001105341,0.524408051,8.26E-04
TSA,TTR33,Track_285,13,13,13,0,0,0,0,0,21605.94655,0,21605.94655,5.411514746,258.3118562,220.0459345,0,7.58E-04,0.002050426,2.92E-05,8.59E-04,6.15E-04,1.18265417,16.37814646,6.651802052,0.330410694,2.50E-04,0.330410694,8.03E-04
TSA,TTR33,Track_286,14,14,13,0,0,0,0,0,21605.94655,0,21605.94655,15.08112988,613.309675,235.5052552,0,0.001114848,0.003434502,3.53E-04,8.81E-04,9.01E-04,1.402059858,24.08733849,15.71830773,0.626101962,6.98E-04,0.626101962,8.05E-04
TSA,TTR33,Track_287,15,15,13,0,0,0,0,0,21605.94655,0,21605.94655,14.33365774,245.5386022,234.3112748,0,0.00103717,0.002036528,1.73E-04,0.001116133,5.75E-04,1.383644425,22.40903882,14.33365774,0.639637329,6.63E-04,0.639637329,5.00E-04
TSA,TTR33,Track_288,16,16,13,0,0,0,0,0,21605.94655,0,21605.94655,5.187955331,218.3429938,238.3606132,0,6.40E-04,0.00158454,2.05E-04,6.61E-04,4.27E-04,1.329488543,13.83538877,7.231111717,0.374977199,2.40E-04,0.374977199,6.18E-04
TSA,TTR33,Track_289,17,17,13,0,0,0,0,0,21605.94655,0,21605.94655,3.048475101,624.3895004,257.0384251,0,0.00111389,0.002186914,2.10E-04,0.001123598,5.97E-04,1.193151474,24.06663922,6.775629877,0.126668085,1.41E-04,0.126668085,8.66E-04
TSA,TTR33,Track_290,18,18,13,0,0,0,0,0,21605.94655,0,21605.94655,7.078079436,581.089214,250.499983,0,0.001119247,0.002384806,3.66E-04,0.001000265,6.81E-04,1.338888902,24.18238437,10.95955964,0.29269568,3.28E-04,0.29269568,7.09E-04
TSA,TTR33,Track_291,19,19,13,0,0,0,0,0,21605.94655,0,21605.94655,11.75075234,238.269129,286.2115176,0,9.88E-04,0.003056537,9.36E-05,0.001022982,8.68E-04,1.329847006,21.35103661,14.89976706,0.550359805,5.44E-04,0.550359805,5.22E-04
TSA,TTR33,Track_292,20,20,12,1,0,0,0,1,21605.94655,0,21605.94655,5.362397463,638.2438362,268.7809517,0,6.31E-04,1.00E-03,3.79E-04,5.87E-04,1.72E-04,1.352276166,13.7804277,6.368908925,0.389131425,2.48E-04,0.393568871,8.63E-04
TSA,TTR33,Track_293,21,21,13,0,0,0,0,0,21605.94655,0,21605.94655,6.647061275,615.9127036,287.3416756,0,0.001462777,0.00298259,3.26E-04,0.001521867,7.17E-04,1.359004965,31.60467744,14.48987794,0.210318909,3.08E-04,0.210318909,4.10E-04
TSA,TTR33,Track_295,23,23,13,0,0,0,0,0,21605.94655,0,21605.94655,7.494636968,263.7482083,306.7134714,0,0.001039146,0.002675856,9.36E-05,7.29E-04,7.67E-04,1.271149213,22.45172411,8.838058973,0.3338112,3.47E-04,0.3338112,8.57E-04
TSA,TTR33,Track_296,24,24,12,0,0,0,0,0,19805.451,0,19805.451,7.861384092,249.1577954,315.4499244,0,0.002252063,0.011569617,6.22E-04,0.001252859,0.003131401,1.172512978,44.60313247,11.58791042,0.176251838,3.97E-04,0.176251838,5.47E-04
TSA,TTR33,Track_297,25,25,13,0,0,0,0,0,21605.94655,0,21605.94655,6.643852231,587.511736,312.542523,0,0.00139254,0.00300365,2.44E-04,0.001335634,8.62E-04,1.42228497,30.08713491,14.88040082,0.220820369,3.08E-04,0.220820369,6.32E-04
TSA,TTR33,Track_298,26,26,13,0,0,0,0,0,21605.94655,0,21605.94655,10.16669034,231.1891963,336.0903685,0,0.001070327,0.003379234,1.27E-04,8.66E-04,8.71E-04,1.318805594,23.12543347,10.16669034,0.439632423,4.71E-04,0.439632423,0.001215509
TSA,TTR33,Track_299,27,27,13,0,0,0,0,0,21605.94655,0,21605.94655,3.869283446,578.2946621,360.0018687,0,0.001225712,0.003778618,6.26E-05,0.001015306,0.001087296,1.427976232,26.48267644,11.17191923,0.146106209,1.79E-04,0.146106209,7.08E-04
TSA,TTR33,Track_300,28,28,13,0,0,0,0,0,21605.94655,0,21605.94655,4.482900457,237.0231285,353.2217265,0,9.81E-04,0.003259292,4.62E-05,7.09E-04,9.44E-04,1.277888958,21.19504162,5.277303894,0.211507037,2.07E-04,0.211507037,8.21E-04
TSA,TTR33,Track_301,29,29,12,0,0,0,0,0,19805.451,1800.495546,21605.94655,11.02127733,294.7836032,387.054648,0,0.002108818,0.007050314,8.83E-04,0.001519086,0.00176178,1.378492922,41.76609675,18.69505934,0.263880951,5.56E-04,0.263880951,7.57E-04
TSA,TTR33,Track_302,30,30,13,0,0,0,0,0,21605.94655,0,21605.94655,11.02341254,274.417805,409.2247315,0,0.001137552,0.002765064,2.84E-04,9.70E-04,7.98E-04,1.198270917,24.57789188,11.02341254,0.448509278,5.10E-04,0.448509278,7.52E-04
TSA,TTR33,Track_303,31,31,13,0,0,0,0,0,21605.94655,0,21605.94655,45.62190921,572.4271294,435.5092805,0,0.00278573,0.005483222,5.34E-04,0.003227015,0.001782647,1.34928342,60.18833452,45.62190921,0.757985905,0.002111544,0.757985905,4.43E-04
TSA,TTR33,Track_304,32,32,11,1,0,0,0,1,19805.451,0,19805.451,12.78482197,277.8852694,432.1879219,0,0.001422181,0.003116625,1.20E-04,0.001101285,0.00105038,1.171949029,26.32905771,18.13094493,0.48557841,6.46E-04,0.453894774,5.61E-04
TSA,TTR33,Track_305,33,33,13,0,0,0,0,0,21605.94655,0,21605.94655,9.46290524,300.5933734,452.6726935,0,0.00131039,0.003214458,2.01E-04,0.001076773,9.58E-04,1.426314803,28.31221033,13.85164271,0.334234068,4.38E-04,0.334234068,6.22E-04
TSA,TTR33,Track_306,34,34,13,0,0,0,0,0,21605.94655,0,21605.94655,19.57654291,582.5915523,469.6582437,0,0.001453493,0.002498351,1.99E-04,0.001699392,7.92E-04,1.463092529,31.40408827,19.57654291,0.623375617,9.06E-04,0.623375617,5.15E-04
TSA,TTR33,Track_308,36,36,13,0,0,0,0,0,21605.94655,0,21605.94655,8.114430892,599.9385923,513.7838219,0,0.002245892,0.003347835,3.29E-04,0.00262838,9.05E-04,1.209152992,48.52461731,16.93398619,0.167222976,3.76E-04,0.167222976,5.92E-04
TSA,TTR33,Track_309,37,37,13,0,0,0,0,0,21605.94655,0,21605.94655,28.22946263,573.7899776,533.0830844,0,0.002156371,0.008544297,3.11E-04,0.001017689,0.002485493,1.363600557,46.5904391,34.9372036,0.605906773,0.00130656,0.605906773,5.38E-04
TSA,TTR33,Track_310,38,38,13,0,0,0,0,0,21605.94655,0,21605.94655,24.55315324,259.5552929,530.2677741,0,0.002286929,0.006084946,1.75E-04,0.002083725,0.001735395,1.382272693,49.41126456,31.73326395,0.496914083,0.001136407,0.496914083,4.02E-04
TSA,TTR33,Track_311,39,39,11,0,0,0,0,0,18004.95546,3600.991092,21605.94655,5.512527432,600.7486193,541.0957403,0,0.002510145,0.004868518,2.19E-04,0.002409019,0.001262295,1.365209569,45.19505622,15.31776025,0.121971912,3.06E-04,0.121971912,8.58E-04
TSA,TTR33,Track_312,40,40,13,0,0,0,0,0,21605.94655,0,21605.94655,8.415105372,304.8648667,549.8597796,0,8.76E-04,0.003101747,6.06E-05,6.10E-04,9.65E-04,1.331729715,18.93660817,11.62461019,0.444382927,3.89E-04,0.444382927,7.64E-04
TSA,TTR33,Track_313,41,41,13,0,0,0,0,0,21605.94655,0,21605.94655,7.005259111,294.6042892,569.5773976,0,0.001300502,0.004550634,8.87E-05,8.75E-04,0.001432209,1.321160582,28.09856625,8.441638514,0.249310198,3.24E-04,0.249310198,0.001034832
TSA,TTR33,Track_315,43,43,12,0,0,0,0,0,19805.451,1800.495546,21605.94655,8.028274208,611.7855274,579.8238605,0,0.001118387,0.002593635,3.27E-04,0.001224181,7.35E-04,1.35105292,22.15014958,9.528133613,0.362447855,4.05E-04,0.362447855,8.93E-04
TSA,TTR33,Track_316,44,44,13,0,0,0,0,0,21605.94655,0,21605.94655,2.204776698,574.2742175,582.2424553,0,9.97E-04,0.002465884,3.23E-05,8.54E-04,8.13E-04,1.24566379,21.53269826,5.180555381,0.102392031,1.02E-04,0.102392031,8.65E-04
TSA,TTR33,Track_317,45,45,13,0,0,0,0,0,21605.94655,0,21605.94655,22.6437867,328.5008861,596.9052187,0,0.001865915,0.003850986,7.19E-04,0.001871692,9.47E-04,1.340078299,40.31485087,23.9941093,0.561673582,0.001048035,0.561673582,7.16E-04
TSA,TTR33,Track_318,46,46,13,0,0,0,0,0,21605.94655,0,21605.94655,8.247050168,249.5535972,591.7540584,0,8.31E-04,0.00159106,3.26E-04,9.50E-04,4.14E-04,1.380587624,17.9550759,9.210259012,0.459315807,3.82E-04,0.459315807,6.54E-04
TSA,TTR33,Track_320,48,48,13,0,0,0,0,0,21605.94655,0,21605.94655,31.47012414,595.1106806,619.8485837,0,0.002045762,0.00642776,7.32E-04,0.001447763,0.001741175,1.365247891,44.20061998,31.47012414,0.711983772,0.001456549,0.711983772,6.51E-04
TSA,TTR33,Track_321,49,49,13,0,0,0,0,0,21605.94655,0,21605.94655,53.62527179,299.5902795,631.8479424,0,0.002989136,0.013574398,1.60E-04,0.002218619,0.0037345,1.440075031,64.58311827,55.03625727,0.830329554,0.002481968,0.830329554,6.42E-04
TSA,TTR33,Track_322,50,50,13,0,0,0,0,0,21605.94655,0,21605.94655,7.743029108,239.3524882,625.3756767,0,6.22E-04,0.002174004,1.60E-04,4.83E-04,5.73E-04,1.264015922,13.44272564,7.980414824,0.576001424,3.58E-04,0.576001424,7.58E-04
TSA,TTR33,Track_323,51,51,13,0,0,0,0,0,21605.94655,0,21605.94655,2.806248469,604.3210947,649.8333649,0,0.001035922,0.002243691,2.21E-04,0.001003782,5.44E-04,1.433570238,22.38207459,5.049910093,0.125379283,1.30E-04,0.125379283,0.001160259
TSA,TTR33,Track_324,52,52,12,0,0,0,0,0,19805.451,1800.495546,21605.94655,12.94179971,637.3762972,638.3633581,0,0.001557593,0.006534579,2.24E-04,0.001005758,0.001730713,1.158727586,30.84882987,15.30390191,0.419523196,6.53E-04,0.419523196,7.83E-04
TSA,TTR33,Track_325,53,53,13,0,0,0,0,0,21605.94655,0,21605.94655,5.500990673,248.9627006,677.7365659,0,8.01E-04,0.002440617,4.61E-05,9.30E-04,7.82E-04,1.251632067,17.31675326,6.907344501,0.31766871,2.55E-04,0.31766871,9.37E-04
TSA,TTR33,Track_326,54,54,13,0,0,0,0,0,21605.94655,0,21605.94655,21.00113565,594.8859365,677.8866361,0,0.0015703,0.003732337,4.02E-04,0.001115354,0.001195353,1.413414579,33.92782098,21.12193125,0.618994531,9.72E-04,0.618994531,6.23E-04
TSA,TTR33,Track_327,55,55,12,1,0,0,0,1,21605.94655,0,21605.94655,10.71658261,608.7768457,704.0278824,0,0.00156115,0.004553164,3.83E-04,0.001532912,0.001183078,1.152281592,33.84964202,12.69360656,0.316593676,4.96E-04,0.317715538,5.53E-04
